0	PredInterval_marginal	0	0.5156
0	PredInterval_marginal	1	0.5224
0	PredInterval_marginal	2	0.5103
0	PredInterval_marginal	3	0.5124
0	PredInterval_marginal	4	0.5148
0	PredInterval_marginal	5	0.5252
0	PredInterval_marginal	6	0.5186
0	PredInterval_marginal	7	0.5153
0	PredInterval_marginal	8	0.534
0	PredInterval_marginal	9	0.5141
0	PredInterval_marginal	10	0.5175
0	PredInterval_marginal	11	0.5087
0	PredInterval_marginal	12	0.5333
0	PredInterval_marginal	13	0.5214
0	PredInterval_marginal	14	0.5299
0	PredInterval_marginal	15	0.5323
0	PredInterval_marginal	16	0.5238
0	PredInterval_marginal	17	0.5313
0	PredInterval_marginal	18	0.5293
0	PredInterval_marginal	19	0.5302
0	PredInterval_marginal	20	0.5175
0	PredInterval_marginal	21	0.5171
0	PredInterval_marginal	22	0.5377
0	PredInterval_marginal	23	0.5303
0	PredInterval_marginal	24	0.5195
0	PredInterval_marginal	25	0.5212
0	PredInterval_marginal	26	0.5214
0	PredInterval_marginal	27	0.5112
0	PredInterval_marginal	28	0.5311
0	PredInterval_marginal	29	0.5157
0	PredInterval_quant_q_0	0	0.5095862764883956
0	PredInterval_quant_q_0	1	0.5217391304347826
0	PredInterval_quant_q_0	2	0.5089285714285714
0	PredInterval_quant_q_0	3	0.5219941348973607
0	PredInterval_quant_q_0	4	0.5422396856581533
0	PredInterval_quant_q_0	5	0.5179856115107914
0	PredInterval_quant_q_0	6	0.5073891625615764
0	PredInterval_quant_q_0	7	0.4897959183673469
0	PredInterval_quant_q_0	8	0.5489642184557438
0	PredInterval_quant_q_0	9	0.5
0	PredInterval_quant_q_0	10	0.5059588299024919
0	PredInterval_quant_q_0	11	0.480823199251637
0	PredInterval_quant_q_0	12	0.5419161676646707
0	PredInterval_quant_q_0	13	0.559
0	PredInterval_quant_q_0	14	0.5226130653266332
0	PredInterval_quant_q_0	15	0.5430784123910939
0	PredInterval_quant_q_0	16	0.5103448275862069
0	PredInterval_quant_q_0	17	0.5445445445445446
0	PredInterval_quant_q_0	18	0.5010141987829615
0	PredInterval_quant_q_0	19	0.5238095238095238
0	PredInterval_quant_q_0	20	0.5219941348973607
0	PredInterval_quant_q_0	21	0.5155945419103314
0	PredInterval_quant_q_0	22	0.5454545454545454
0	PredInterval_quant_q_0	23	0.5581874356333677
0	PredInterval_quant_q_0	24	0.5296981499513145
0	PredInterval_quant_q_0	25	0.5009842519685039
0	PredInterval_quant_q_0	26	0.5161923454367027
0	PredInterval_quant_q_0	27	0.5020161290322581
0	PredInterval_quant_q_0	28	0.5462097611630322
0	PredInterval_quant_q_0	29	0.5450777202072539
0	PredInterval_quant_q_9	0	0.5094339622641509
0	PredInterval_quant_q_9	1	0.5258883248730964
0	PredInterval_quant_q_9	2	0.4969325153374233
0	PredInterval_quant_q_9	3	0.5046728971962616
0	PredInterval_quant_q_9	4	0.5081967213114754
0	PredInterval_quant_q_9	5	0.5328685258964143
0	PredInterval_quant_q_9	6	0.509915014164306
0	PredInterval_quant_q_9	7	0.5358649789029536
0	PredInterval_quant_q_9	8	0.5315947843530592
0	PredInterval_quant_q_9	9	0.498416050686378
0	PredInterval_quant_q_9	10	0.5219123505976095
0	PredInterval_quant_q_9	11	0.5162932790224033
0	PredInterval_quant_q_9	12	0.5611439842209073
0	PredInterval_quant_q_9	13	0.5029821073558648
0	PredInterval_quant_q_9	14	0.5469061876247505
0	PredInterval_quant_q_9	15	0.5301810865191147
0	PredInterval_quant_q_9	16	0.5442522889114955
0	PredInterval_quant_q_9	17	0.5424769703172978
0	PredInterval_quant_q_9	18	0.5301085883514314
0	PredInterval_quant_q_9	19	0.5093945720250522
0	PredInterval_quant_q_9	20	0.5113300492610837
0	PredInterval_quant_q_9	21	0.5372393247269116
0	PredInterval_quant_q_9	22	0.5310957551826259
0	PredInterval_quant_q_9	23	0.5321100917431193
0	PredInterval_quant_q_9	24	0.5426829268292683
0	PredInterval_quant_q_9	25	0.5201612903225806
0	PredInterval_quant_q_9	26	0.540084388185654
0	PredInterval_quant_q_9	27	0.5171717171717172
0	PredInterval_quant_q_9	28	0.5149700598802395
0	PredInterval_quant_q_9	29	0.5204741379310345
0	CalPred_marginal	0	0.4951
0	CalPred_marginal	1	0.4919
0	CalPred_marginal	2	0.499
0	CalPred_marginal	3	0.4987
0	CalPred_marginal	4	0.4993
0	CalPred_marginal	5	0.4982
0	CalPred_marginal	6	0.5003
0	CalPred_marginal	7	0.4966
0	CalPred_marginal	8	0.4906
0	CalPred_marginal	9	0.506
0	CalPred_marginal	10	0.4982
0	CalPred_marginal	11	0.5044
0	CalPred_marginal	12	0.5059
0	CalPred_marginal	13	0.5032
0	CalPred_marginal	14	0.504
0	CalPred_marginal	15	0.4979
0	CalPred_marginal	16	0.5043
0	CalPred_marginal	17	0.5029
0	CalPred_marginal	18	0.4939
0	CalPred_marginal	19	0.4962
0	CalPred_marginal	20	0.5069
0	CalPred_marginal	21	0.4964
0	CalPred_marginal	22	0.5028
0	CalPred_marginal	23	0.5018
0	CalPred_marginal	24	0.508
0	CalPred_marginal	25	0.4941
0	CalPred_marginal	26	0.4986
0	CalPred_marginal	27	0.497
0	CalPred_marginal	28	0.4984
0	CalPred_marginal	29	0.4977
0	CalPred_quant_q_0	0	0.496468213925328
0	CalPred_quant_q_0	1	0.4824016563146998
0	CalPred_quant_q_0	2	0.4950396825396825
0	CalPred_quant_q_0	3	0.4838709677419355
0	CalPred_quant_q_0	4	0.5
0	CalPred_quant_q_0	5	0.5056526207605344
0	CalPred_quant_q_0	6	0.5064039408866995
0	CalPred_quant_q_0	7	0.4979591836734693
0	CalPred_quant_q_0	8	0.5131826741996234
0	CalPred_quant_q_0	9	0.5193877551020408
0	CalPred_quant_q_0	10	0.5189599133261105
0	CalPred_quant_q_0	11	0.5088868101028999
0	CalPred_quant_q_0	12	0.499001996007984
0	CalPred_quant_q_0	13	0.508
0	CalPred_quant_q_0	14	0.4994974874371859
0	CalPred_quant_q_0	15	0.5111326234269119
0	CalPred_quant_q_0	16	0.4935960591133005
0	CalPred_quant_q_0	17	0.5225225225225225
0	CalPred_quant_q_0	18	0.4492900608519269
0	CalPred_quant_q_0	19	0.5043731778425656
0	CalPred_quant_q_0	20	0.5161290322580645
0	CalPred_quant_q_0	21	0.4912280701754385
0	CalPred_quant_q_0	22	0.4740957966764418
0	CalPred_quant_q_0	23	0.5108135942327497
0	CalPred_quant_q_0	24	0.4761441090555015
0	CalPred_quant_q_0	25	0.4704724409448819
0	CalPred_quant_q_0	26	0.5014720314033366
0	CalPred_quant_q_0	27	0.4848790322580645
0	CalPred_quant_q_0	28	0.4828660436137071
0	CalPred_quant_q_0	29	0.4880829015544041
0	CalPred_quant_q_9	0	0.5014895729890765
0	CalPred_quant_q_9	1	0.482233502538071
0	CalPred_quant_q_9	2	0.4969325153374233
0	CalPred_quant_q_9	3	0.45067497403946
0	CalPred_quant_q_9	4	0.492827868852459
0	CalPred_quant_q_9	5	0.5049800796812749
0	CalPred_quant_q_9	6	0.4683663833805477
0	CalPred_quant_q_9	7	0.4736286919831223
0	CalPred_quant_q_9	8	0.5035105315947843
0	CalPred_quant_q_9	9	0.5195353748680043
0	CalPred_quant_q_9	10	0.4950199203187251
0	CalPred_quant_q_9	11	0.4867617107942973
0	CalPred_quant_q_9	12	0.5335305719921104
0	CalPred_quant_q_9	13	0.4940357852882703
0	CalPred_quant_q_9	14	0.5339321357285429
0	CalPred_quant_q_9	15	0.4899396378269617
0	CalPred_quant_q_9	16	0.5055951169888098
0	CalPred_quant_q_9	17	0.5220061412487206
0	CalPred_quant_q_9	18	0.506416584402764
0	CalPred_quant_q_9	19	0.4832985386221294
0	CalPred_quant_q_9	20	0.5182266009852217
0	CalPred_quant_q_9	21	0.4935451837140019
0	CalPred_quant_q_9	22	0.4995064165844027
0	CalPred_quant_q_9	23	0.4821610601427115
0	CalPred_quant_q_9	24	0.5
0	CalPred_quant_q_9	25	0.4808467741935484
0	CalPred_quant_q_9	26	0.4789029535864978
0	CalPred_quant_q_9	27	0.5171717171717172
0	CalPred_quant_q_9	28	0.5
0	CalPred_quant_q_9	29	0.5086206896551724
2	PredInterval_marginal	0	0.5154
2	PredInterval_marginal	1	0.5263
2	PredInterval_marginal	2	0.511
2	PredInterval_marginal	3	0.5146
2	PredInterval_marginal	4	0.5142
2	PredInterval_marginal	5	0.5205
2	PredInterval_marginal	6	0.5184
2	PredInterval_marginal	7	0.5163
2	PredInterval_marginal	8	0.5313
2	PredInterval_marginal	9	0.5169
2	PredInterval_marginal	10	0.5147
2	PredInterval_marginal	11	0.5101
2	PredInterval_marginal	12	0.5358
2	PredInterval_marginal	13	0.5236
2	PredInterval_marginal	14	0.5318
2	PredInterval_marginal	15	0.5308
2	PredInterval_marginal	16	0.5232
2	PredInterval_marginal	17	0.5276
2	PredInterval_marginal	18	0.5321
2	PredInterval_marginal	19	0.5287
2	PredInterval_marginal	20	0.5169
2	PredInterval_marginal	21	0.5184
2	PredInterval_marginal	22	0.5385
2	PredInterval_marginal	23	0.53
2	PredInterval_marginal	24	0.5187
2	PredInterval_marginal	25	0.5227
2	PredInterval_marginal	26	0.5209
2	PredInterval_marginal	27	0.512
2	PredInterval_marginal	28	0.5341
2	PredInterval_marginal	29	0.5152
2	PredInterval_quant_q_0	0	0.5227043390514632
2	PredInterval_quant_q_0	1	0.5548654244306418
2	PredInterval_quant_q_0	2	0.5198412698412699
2	PredInterval_quant_q_0	3	0.5425219941348973
2	PredInterval_quant_q_0	4	0.5520628683693517
2	PredInterval_quant_q_0	5	0.5282631038026722
2	PredInterval_quant_q_0	6	0.5201970443349754
2	PredInterval_quant_q_0	7	0.5051020408163265
2	PredInterval_quant_q_0	8	0.564030131826742
2	PredInterval_quant_q_0	9	0.5112244897959184
2	PredInterval_quant_q_0	10	0.5167930660888408
2	PredInterval_quant_q_0	11	0.4883068288119738
2	PredInterval_quant_q_0	12	0.5538922155688623
2	PredInterval_quant_q_0	13	0.579
2	PredInterval_quant_q_0	14	0.5477386934673367
2	PredInterval_quant_q_0	15	0.558567279767667
2	PredInterval_quant_q_0	16	0.5280788177339901
2	PredInterval_quant_q_0	17	0.5465465465465466
2	PredInterval_quant_q_0	18	0.526369168356998
2	PredInterval_quant_q_0	19	0.5354713313896987
2	PredInterval_quant_q_0	20	0.5395894428152492
2	PredInterval_quant_q_0	21	0.5360623781676414
2	PredInterval_quant_q_0	22	0.5718475073313783
2	PredInterval_quant_q_0	23	0.5715756951596292
2	PredInterval_quant_q_0	24	0.5384615384615384
2	PredInterval_quant_q_0	25	0.5127952755905512
2	PredInterval_quant_q_0	26	0.5377821393523062
2	PredInterval_quant_q_0	27	0.5141129032258065
2	PredInterval_quant_q_0	28	0.5711318795430945
2	PredInterval_quant_q_0	29	0.5564766839378238
2	PredInterval_quant_q_9	0	0.4975173783515392
2	PredInterval_quant_q_9	1	0.5116751269035533
2	PredInterval_quant_q_9	2	0.4907975460122699
2	PredInterval_quant_q_9	3	0.4880581516095534
2	PredInterval_quant_q_9	4	0.4959016393442623
2	PredInterval_quant_q_9	5	0.500996015936255
2	PredInterval_quant_q_9	6	0.4995278564683664
2	PredInterval_quant_q_9	7	0.5232067510548524
2	PredInterval_quant_q_9	8	0.5165496489468405
2	PredInterval_quant_q_9	9	0.4815205913410771
2	PredInterval_quant_q_9	10	0.5099601593625498
2	PredInterval_quant_q_9	11	0.5142566191446029
2	PredInterval_quant_q_9	12	0.5463510848126233
2	PredInterval_quant_q_9	13	0.4950298210735586
2	PredInterval_quant_q_9	14	0.5249500998003992
2	PredInterval_quant_q_9	15	0.5130784708249497
2	PredInterval_quant_q_9	16	0.5320447609359105
2	PredInterval_quant_q_9	17	0.518935516888434
2	PredInterval_quant_q_9	18	0.5123395853899309
2	PredInterval_quant_q_9	19	0.4947807933194154
2	PredInterval_quant_q_9	20	0.4985221674876847
2	PredInterval_quant_q_9	21	0.519364448857994
2	PredInterval_quant_q_9	22	0.5143139190523198
2	PredInterval_quant_q_9	23	0.5117227319062182
2	PredInterval_quant_q_9	24	0.5274390243902439
2	PredInterval_quant_q_9	25	0.5110887096774194
2	PredInterval_quant_q_9	26	0.5147679324894515
2	PredInterval_quant_q_9	27	0.5111111111111111
2	PredInterval_quant_q_9	28	0.5
2	PredInterval_quant_q_9	29	0.4967672413793103
2	CalPred_marginal	0	0.495
2	CalPred_marginal	1	0.4909
2	CalPred_marginal	2	0.5002
2	CalPred_marginal	3	0.4985
2	CalPred_marginal	4	0.4999
2	CalPred_marginal	5	0.4989
2	CalPred_marginal	6	0.5015
2	CalPred_marginal	7	0.498
2	CalPred_marginal	8	0.4909
2	CalPred_marginal	9	0.5068
2	CalPred_marginal	10	0.4983
2	CalPred_marginal	11	0.5047
2	CalPred_marginal	12	0.5049
2	CalPred_marginal	13	0.5028
2	CalPred_marginal	14	0.5031
2	CalPred_marginal	15	0.4969
2	CalPred_marginal	16	0.5053
2	CalPred_marginal	17	0.5028
2	CalPred_marginal	18	0.493
2	CalPred_marginal	19	0.4976
2	CalPred_marginal	20	0.505
2	CalPred_marginal	21	0.4963
2	CalPred_marginal	22	0.505
2	CalPred_marginal	23	0.5023
2	CalPred_marginal	24	0.507
2	CalPred_marginal	25	0.4952
2	CalPred_marginal	26	0.4975
2	CalPred_marginal	27	0.4973
2	CalPred_marginal	28	0.4976
2	CalPred_marginal	29	0.5007
2	CalPred_quant_q_0	0	0.4954591321897074
2	CalPred_quant_q_0	1	0.4813664596273292
2	CalPred_quant_q_0	2	0.501984126984127
2	CalPred_quant_q_0	3	0.4770283479960899
2	CalPred_quant_q_0	4	0.5009823182711198
2	CalPred_quant_q_0	5	0.5056526207605344
2	CalPred_quant_q_0	6	0.5103448275862069
2	CalPred_quant_q_0	7	0.4979591836734693
2	CalPred_quant_q_0	8	0.519774011299435
2	CalPred_quant_q_0	9	0.5224489795918368
2	CalPred_quant_q_0	10	0.5200433369447454
2	CalPred_quant_q_0	11	0.5116931711880262
2	CalPred_quant_q_0	12	0.499001996007984
2	CalPred_quant_q_0	13	0.509
2	CalPred_quant_q_0	14	0.4944723618090452
2	CalPred_quant_q_0	15	0.5130687318489835
2	CalPred_quant_q_0	16	0.4995073891625616
2	CalPred_quant_q_0	17	0.5225225225225225
2	CalPred_quant_q_0	18	0.447261663286004
2	CalPred_quant_q_0	19	0.5053449951409135
2	CalPred_quant_q_0	20	0.509286412512219
2	CalPred_quant_q_0	21	0.4902534113060429
2	CalPred_quant_q_0	22	0.4819159335288367
2	CalPred_quant_q_0	23	0.5149330587023687
2	CalPred_quant_q_0	24	0.4741966893865628
2	CalPred_quant_q_0	25	0.4753937007874015
2	CalPred_quant_q_0	26	0.5044160942100098
2	CalPred_quant_q_0	27	0.4868951612903225
2	CalPred_quant_q_0	28	0.4839044652128764
2	CalPred_quant_q_0	29	0.4953367875647668
2	CalPred_quant_q_9	0	0.5044687189672294
2	CalPred_quant_q_9	1	0.483248730964467
2	CalPred_quant_q_9	2	0.4938650306748466
2	CalPred_quant_q_9	3	0.4485981308411215
2	CalPred_quant_q_9	4	0.5030737704918032
2	CalPred_quant_q_9	5	0.5089641434262948
2	CalPred_quant_q_9	6	0.4702549575070821
2	CalPred_quant_q_9	7	0.4704641350210971
2	CalPred_quant_q_9	8	0.4984954864593781
2	CalPred_quant_q_9	9	0.5205913410770855
2	CalPred_quant_q_9	10	0.4930278884462151
2	CalPred_quant_q_9	11	0.4877800407331975
2	CalPred_quant_q_9	12	0.534516765285996
2	CalPred_quant_q_9	13	0.489065606361829
2	CalPred_quant_q_9	14	0.5389221556886228
2	CalPred_quant_q_9	15	0.4929577464788732
2	CalPred_quant_q_9	16	0.5055951169888098
2	CalPred_quant_q_9	17	0.5281473899692938
2	CalPred_quant_q_9	18	0.5014807502467917
2	CalPred_quant_q_9	19	0.4843423799582463
2	CalPred_quant_q_9	20	0.5152709359605911
2	CalPred_quant_q_9	21	0.4935451837140019
2	CalPred_quant_q_9	22	0.5074037512339585
2	CalPred_quant_q_9	23	0.4801223241590214
2	CalPred_quant_q_9	24	0.5010162601626016
2	CalPred_quant_q_9	25	0.4747983870967742
2	CalPred_quant_q_9	26	0.4736286919831223
2	CalPred_quant_q_9	27	0.5171717171717172
2	CalPred_quant_q_9	28	0.5
2	CalPred_quant_q_9	29	0.5140086206896551
4	PredInterval_marginal	0	0.5154
4	PredInterval_marginal	1	0.5226
4	PredInterval_marginal	2	0.5103
4	PredInterval_marginal	3	0.5175
4	PredInterval_marginal	4	0.5159
4	PredInterval_marginal	5	0.5248
4	PredInterval_marginal	6	0.5215
4	PredInterval_marginal	7	0.5146
4	PredInterval_marginal	8	0.5327
4	PredInterval_marginal	9	0.5139
4	PredInterval_marginal	10	0.5183
4	PredInterval_marginal	11	0.507
4	PredInterval_marginal	12	0.5353
4	PredInterval_marginal	13	0.5219
4	PredInterval_marginal	14	0.5288
4	PredInterval_marginal	15	0.5307
4	PredInterval_marginal	16	0.5248
4	PredInterval_marginal	17	0.5271
4	PredInterval_marginal	18	0.5282
4	PredInterval_marginal	19	0.5289
4	PredInterval_marginal	20	0.5183
4	PredInterval_marginal	21	0.5176
4	PredInterval_marginal	22	0.5392
4	PredInterval_marginal	23	0.5277
4	PredInterval_marginal	24	0.5161
4	PredInterval_marginal	25	0.529
4	PredInterval_marginal	26	0.5288
4	PredInterval_marginal	27	0.5141
4	PredInterval_marginal	28	0.5274
4	PredInterval_marginal	29	0.5143
4	PredInterval_quant_q_0	0	0.5408678102926338
4	PredInterval_quant_q_0	1	0.5600414078674948
4	PredInterval_quant_q_0	2	0.5218253968253969
4	PredInterval_quant_q_0	3	0.5620723362658846
4	PredInterval_quant_q_0	4	0.5618860510805501
4	PredInterval_quant_q_0	5	0.5447070914696814
4	PredInterval_quant_q_0	6	0.5507389162561577
4	PredInterval_quant_q_0	7	0.5295918367346939
4	PredInterval_quant_q_0	8	0.5828625235404896
4	PredInterval_quant_q_0	9	0.5183673469387755
4	PredInterval_quant_q_0	10	0.5341278439869989
4	PredInterval_quant_q_0	11	0.4873713751169317
4	PredInterval_quant_q_0	12	0.563872255489022
4	PredInterval_quant_q_0	13	0.587
4	PredInterval_quant_q_0	14	0.5688442211055277
4	PredInterval_quant_q_0	15	0.5779283639883833
4	PredInterval_quant_q_0	16	0.5428571428571428
4	PredInterval_quant_q_0	17	0.5595595595595596
4	PredInterval_quant_q_0	18	0.537525354969574
4	PredInterval_quant_q_0	19	0.5529640427599611
4	PredInterval_quant_q_0	20	0.5562072336265884
4	PredInterval_quant_q_0	21	0.5623781676413255
4	PredInterval_quant_q_0	22	0.5972629521016618
4	PredInterval_quant_q_0	23	0.5901132852729145
4	PredInterval_quant_q_0	24	0.5423563777994158
4	PredInterval_quant_q_0	25	0.5354330708661418
4	PredInterval_quant_q_0	26	0.5672227674190383
4	PredInterval_quant_q_0	27	0.5262096774193549
4	PredInterval_quant_q_0	28	0.5825545171339563
4	PredInterval_quant_q_0	29	0.5730569948186528
4	PredInterval_quant_q_9	0	0.4885799404170804
4	PredInterval_quant_q_9	1	0.4862944162436548
4	PredInterval_quant_q_9	2	0.4785276073619632
4	PredInterval_quant_q_9	3	0.4776739356178608
4	PredInterval_quant_q_9	4	0.4897540983606557
4	PredInterval_quant_q_9	5	0.4930278884462151
4	PredInterval_quant_q_9	6	0.4881964117091595
4	PredInterval_quant_q_9	7	0.4831223628691983
4	PredInterval_quant_q_9	8	0.4964894684052156
4	PredInterval_quant_q_9	9	0.4656810982048574
4	PredInterval_quant_q_9	10	0.499003984063745
4	PredInterval_quant_q_9	11	0.5071283095723014
4	PredInterval_quant_q_9	12	0.5335305719921104
4	PredInterval_quant_q_9	13	0.4731610337972167
4	PredInterval_quant_q_9	14	0.5079840319361277
4	PredInterval_quant_q_9	15	0.4859154929577465
4	PredInterval_quant_q_9	16	0.5208545269582909
4	PredInterval_quant_q_9	17	0.4892528147389969
4	PredInterval_quant_q_9	18	0.4945705824284304
4	PredInterval_quant_q_9	19	0.4749478079331941
4	PredInterval_quant_q_9	20	0.4768472906403941
4	PredInterval_quant_q_9	21	0.4995034756703078
4	PredInterval_quant_q_9	22	0.4955577492596248
4	PredInterval_quant_q_9	23	0.4903160040774719
4	PredInterval_quant_q_9	24	0.5101626016260162
4	PredInterval_quant_q_9	25	0.4979838709677419
4	PredInterval_quant_q_9	26	0.5158227848101266
4	PredInterval_quant_q_9	27	0.4898989898989899
4	PredInterval_quant_q_9	28	0.4730538922155688
4	PredInterval_quant_q_9	29	0.480603448275862
4	CalPred_marginal	0	0.4945
4	CalPred_marginal	1	0.4906
4	CalPred_marginal	2	0.4982
4	CalPred_marginal	3	0.4982
4	CalPred_marginal	4	0.5007
4	CalPred_marginal	5	0.496
4	CalPred_marginal	6	0.5005
4	CalPred_marginal	7	0.4967
4	CalPred_marginal	8	0.4914
4	CalPred_marginal	9	0.5041
4	CalPred_marginal	10	0.4981
4	CalPred_marginal	11	0.5058
4	CalPred_marginal	12	0.5069
4	CalPred_marginal	13	0.5034
4	CalPred_marginal	14	0.5019
4	CalPred_marginal	15	0.499
4	CalPred_marginal	16	0.5051
4	CalPred_marginal	17	0.5021
4	CalPred_marginal	18	0.493
4	CalPred_marginal	19	0.4954
4	CalPred_marginal	20	0.5057
4	CalPred_marginal	21	0.4961
4	CalPred_marginal	22	0.504
4	CalPred_marginal	23	0.5041
4	CalPred_marginal	24	0.5075
4	CalPred_marginal	25	0.494
4	CalPred_marginal	26	0.4974
4	CalPred_marginal	27	0.4932
4	CalPred_marginal	28	0.4979
4	CalPred_marginal	29	0.4978
4	CalPred_quant_q_0	0	0.4904137235116044
4	CalPred_quant_q_0	1	0.4803312629399586
4	CalPred_quant_q_0	2	0.496031746031746
4	CalPred_quant_q_0	3	0.4750733137829912
4	CalPred_quant_q_0	4	0.5058939096267191
4	CalPred_quant_q_0	5	0.5035971223021583
4	CalPred_quant_q_0	6	0.5044334975369458
4	CalPred_quant_q_0	7	0.4989795918367347
4	CalPred_quant_q_0	8	0.524482109227872
4	CalPred_quant_q_0	9	0.5183673469387755
4	CalPred_quant_q_0	10	0.5189599133261105
4	CalPred_quant_q_0	11	0.510757717492984
4	CalPred_quant_q_0	12	0.498003992015968
4	CalPred_quant_q_0	13	0.518
4	CalPred_quant_q_0	14	0.4934673366834171
4	CalPred_quant_q_0	15	0.5188770571151985
4	CalPred_quant_q_0	16	0.4945812807881773
4	CalPred_quant_q_0	17	0.5245245245245245
4	CalPred_quant_q_0	18	0.4452332657200811
4	CalPred_quant_q_0	19	0.5121477162293488
4	CalPred_quant_q_0	20	0.509286412512219
4	CalPred_quant_q_0	21	0.4961013645224171
4	CalPred_quant_q_0	22	0.4828934506353861
4	CalPred_quant_q_0	23	0.5200823892893924
4	CalPred_quant_q_0	24	0.4741966893865628
4	CalPred_quant_q_0	25	0.4773622047244094
4	CalPred_quant_q_0	26	0.5053974484789009
4	CalPred_quant_q_0	27	0.470766129032258
4	CalPred_quant_q_0	28	0.4859813084112149
4	CalPred_quant_q_0	29	0.4932642487046632
4	CalPred_quant_q_9	0	0.5054617676266137
4	CalPred_quant_q_9	1	0.4771573604060913
4	CalPred_quant_q_9	2	0.492842535787321
4	CalPred_quant_q_9	3	0.45067497403946
4	CalPred_quant_q_9	4	0.4969262295081967
4	CalPred_quant_q_9	5	0.5079681274900398
4	CalPred_quant_q_9	6	0.4721435316336166
4	CalPred_quant_q_9	7	0.4757383966244726
4	CalPred_quant_q_9	8	0.4984954864593781
4	CalPred_quant_q_9	9	0.5131995776135164
4	CalPred_quant_q_9	10	0.4940239043824701
4	CalPred_quant_q_9	11	0.4928716904276985
4	CalPred_quant_q_9	12	0.5433925049309665
4	CalPred_quant_q_9	13	0.4860834990059642
4	CalPred_quant_q_9	14	0.5329341317365269
4	CalPred_quant_q_9	15	0.4919517102615694
4	CalPred_quant_q_9	16	0.5055951169888098
4	CalPred_quant_q_9	17	0.5250767656090072
4	CalPred_quant_q_9	18	0.4975320829220138
4	CalPred_quant_q_9	19	0.4832985386221294
4	CalPred_quant_q_9	20	0.5142857142857142
4	CalPred_quant_q_9	21	0.4935451837140019
4	CalPred_quant_q_9	22	0.5074037512339585
4	CalPred_quant_q_9	23	0.4770642201834862
4	CalPred_quant_q_9	24	0.4989837398373983
4	CalPred_quant_q_9	25	0.4808467741935484
4	CalPred_quant_q_9	26	0.4757383966244726
4	CalPred_quant_q_9	27	0.5141414141414141
4	CalPred_quant_q_9	28	0.4930139720558882
4	CalPred_quant_q_9	29	0.5129310344827587
6	PredInterval_marginal	0	0.5131
6	PredInterval_marginal	1	0.5234
6	PredInterval_marginal	2	0.5141
6	PredInterval_marginal	3	0.5143
6	PredInterval_marginal	4	0.5158
6	PredInterval_marginal	5	0.5221
6	PredInterval_marginal	6	0.5195
6	PredInterval_marginal	7	0.5172
6	PredInterval_marginal	8	0.5347
6	PredInterval_marginal	9	0.5153
6	PredInterval_marginal	10	0.5189
6	PredInterval_marginal	11	0.51
6	PredInterval_marginal	12	0.5356
6	PredInterval_marginal	13	0.5214
6	PredInterval_marginal	14	0.5312
6	PredInterval_marginal	15	0.5306
6	PredInterval_marginal	16	0.5239
6	PredInterval_marginal	17	0.5287
6	PredInterval_marginal	18	0.5273
6	PredInterval_marginal	19	0.5324
6	PredInterval_marginal	20	0.521
6	PredInterval_marginal	21	0.5186
6	PredInterval_marginal	22	0.5415
6	PredInterval_marginal	23	0.5295
6	PredInterval_marginal	24	0.5173
6	PredInterval_marginal	25	0.5221
6	PredInterval_marginal	26	0.5246
6	PredInterval_marginal	27	0.5144
6	PredInterval_marginal	28	0.5306
6	PredInterval_marginal	29	0.5169
6	PredInterval_quant_q_0	0	0.5388496468213926
6	PredInterval_quant_q_0	1	0.577639751552795
6	PredInterval_quant_q_0	2	0.5446428571428571
6	PredInterval_quant_q_0	3	0.5659824046920822
6	PredInterval_quant_q_0	4	0.5717092337917485
6	PredInterval_quant_q_0	5	0.5426515930113053
6	PredInterval_quant_q_0	6	0.5536945812807882
6	PredInterval_quant_q_0	7	0.5469387755102041
6	PredInterval_quant_q_0	8	0.5988700564971752
6	PredInterval_quant_q_0	9	0.5336734693877551
6	PredInterval_quant_q_0	10	0.5536294691224268
6	PredInterval_quant_q_0	11	0.4929840972871843
6	PredInterval_quant_q_0	12	0.5788423153692615
6	PredInterval_quant_q_0	13	0.597
6	PredInterval_quant_q_0	14	0.5859296482412061
6	PredInterval_quant_q_0	15	0.5856727976766699
6	PredInterval_quant_q_0	16	0.5467980295566502
6	PredInterval_quant_q_0	17	0.5755755755755756
6	PredInterval_quant_q_0	18	0.5456389452332657
6	PredInterval_quant_q_0	19	0.577259475218659
6	PredInterval_quant_q_0	20	0.570869990224829
6	PredInterval_quant_q_0	21	0.5818713450292398
6	PredInterval_quant_q_0	22	0.6099706744868035
6	PredInterval_quant_q_0	23	0.5932028836251287
6	PredInterval_quant_q_0	24	0.549172346640701
6	PredInterval_quant_q_0	25	0.5442913385826772
6	PredInterval_quant_q_0	26	0.5868498527968596
6	PredInterval_quant_q_0	27	0.5443548387096774
6	PredInterval_quant_q_0	28	0.592938733125649
6	PredInterval_quant_q_0	29	0.5937823834196891
6	PredInterval_quant_q_9	0	0.4766633565044687
6	PredInterval_quant_q_9	1	0.4588832487309645
6	PredInterval_quant_q_9	2	0.4642126789366053
6	PredInterval_quant_q_9	3	0.4558670820353063
6	PredInterval_quant_q_9	4	0.4702868852459016
6	PredInterval_quant_q_9	5	0.4731075697211155
6	PredInterval_quant_q_9	6	0.4730878186968839
6	PredInterval_quant_q_9	7	0.4620253164556962
6	PredInterval_quant_q_9	8	0.4844533600802407
6	PredInterval_quant_q_9	9	0.4625131995776135
6	PredInterval_quant_q_9	10	0.4830677290836653
6	PredInterval_quant_q_9	11	0.5010183299389002
6	PredInterval_quant_q_9	12	0.5138067061143984
6	PredInterval_quant_q_9	13	0.4552683896620278
6	PredInterval_quant_q_9	14	0.499001996007984
6	PredInterval_quant_q_9	15	0.4617706237424547
6	PredInterval_quant_q_9	16	0.5005086469989827
6	PredInterval_quant_q_9	17	0.4636642784032753
6	PredInterval_quant_q_9	18	0.4748272458045409
6	PredInterval_quant_q_9	19	0.4613778705636743
6	PredInterval_quant_q_9	20	0.4660098522167488
6	PredInterval_quant_q_9	21	0.4746772591857001
6	PredInterval_quant_q_9	22	0.4797630799605133
6	PredInterval_quant_q_9	23	0.4780835881753313
6	PredInterval_quant_q_9	24	0.4867886178861789
6	PredInterval_quant_q_9	25	0.469758064516129
6	PredInterval_quant_q_9	26	0.5021097046413502
6	PredInterval_quant_q_9	27	0.4737373737373737
6	PredInterval_quant_q_9	28	0.4540918163672655
6	PredInterval_quant_q_9	29	0.4536637931034483
6	CalPred_marginal	0	0.4942
6	CalPred_marginal	1	0.4919
6	CalPred_marginal	2	0.4981
6	CalPred_marginal	3	0.5009
6	CalPred_marginal	4	0.4995
6	CalPred_marginal	5	0.4965
6	CalPred_marginal	6	0.4988
6	CalPred_marginal	7	0.4961
6	CalPred_marginal	8	0.4908
6	CalPred_marginal	9	0.5053
6	CalPred_marginal	10	0.4967
6	CalPred_marginal	11	0.5035
6	CalPred_marginal	12	0.5051
6	CalPred_marginal	13	0.5029
6	CalPred_marginal	14	0.5003
6	CalPred_marginal	15	0.4966
6	CalPred_marginal	16	0.5066
6	CalPred_marginal	17	0.5026
6	CalPred_marginal	18	0.4934
6	CalPred_marginal	19	0.4967
6	CalPred_marginal	20	0.5063
6	CalPred_marginal	21	0.4976
6	CalPred_marginal	22	0.5045
6	CalPred_marginal	23	0.5003
6	CalPred_marginal	24	0.5074
6	CalPred_marginal	25	0.4942
6	CalPred_marginal	26	0.4984
6	CalPred_marginal	27	0.4958
6	CalPred_marginal	28	0.4967
6	CalPred_marginal	29	0.4991
6	CalPred_quant_q_0	0	0.4873864783047427
6	CalPred_quant_q_0	1	0.4751552795031056
6	CalPred_quant_q_0	2	0.5
6	CalPred_quant_q_0	3	0.4809384164222874
6	CalPred_quant_q_0	4	0.5108055009823183
6	CalPred_quant_q_0	5	0.5005138746145941
6	CalPred_quant_q_0	6	0.4985221674876847
6	CalPred_quant_q_0	7	0.4938775510204081
6	CalPred_quant_q_0	8	0.5263653483992468
6	CalPred_quant_q_0	9	0.5173469387755102
6	CalPred_quant_q_0	10	0.5157096424702059
6	CalPred_quant_q_0	11	0.5088868101028999
6	CalPred_quant_q_0	12	0.4910179640718562
6	CalPred_quant_q_0	13	0.512
6	CalPred_quant_q_0	14	0.4733668341708543
6	CalPred_quant_q_0	15	0.515972894482091
6	CalPred_quant_q_0	16	0.5024630541871922
6	CalPred_quant_q_0	17	0.5295295295295295
6	CalPred_quant_q_0	18	0.4624746450304259
6	CalPred_quant_q_0	19	0.5092322643343051
6	CalPred_quant_q_0	20	0.5141739980449658
6	CalPred_quant_q_0	21	0.5038986354775828
6	CalPred_quant_q_0	22	0.4868035190615836
6	CalPred_quant_q_0	23	0.5149330587023687
6	CalPred_quant_q_0	24	0.4741966893865628
6	CalPred_quant_q_0	25	0.4753937007874015
6	CalPred_quant_q_0	26	0.4965652600588812
6	CalPred_quant_q_0	27	0.4858870967741935
6	CalPred_quant_q_0	28	0.4818276220145379
6	CalPred_quant_q_0	29	0.5005181347150259
6	CalPred_quant_q_9	0	0.5094339622641509
6	CalPred_quant_q_9	1	0.4873096446700508
6	CalPred_quant_q_9	2	0.4918200408997955
6	CalPred_quant_q_9	3	0.4537902388369678
6	CalPred_quant_q_9	4	0.4989754098360656
6	CalPred_quant_q_9	5	0.5089641434262948
6	CalPred_quant_q_9	6	0.4721435316336166
6	CalPred_quant_q_9	7	0.4694092827004219
6	CalPred_quant_q_9	8	0.4954864593781344
6	CalPred_quant_q_9	9	0.5163674762407603
6	CalPred_quant_q_9	10	0.4920318725099601
6	CalPred_quant_q_9	11	0.4928716904276985
6	CalPred_quant_q_9	12	0.5433925049309665
6	CalPred_quant_q_9	13	0.4870775347912525
6	CalPred_quant_q_9	14	0.5359281437125748
6	CalPred_quant_q_9	15	0.4939637826961771
6	CalPred_quant_q_9	16	0.5106815869786369
6	CalPred_quant_q_9	17	0.5271238485158649
6	CalPred_quant_q_9	18	0.4955577492596248
6	CalPred_quant_q_9	19	0.4926931106471816
6	CalPred_quant_q_9	20	0.5073891625615764
6	CalPred_quant_q_9	21	0.4935451837140019
6	CalPred_quant_q_9	22	0.5133267522211253
6	CalPred_quant_q_9	23	0.4760448521916411
6	CalPred_quant_q_9	24	0.5040650406504065
6	CalPred_quant_q_9	25	0.4899193548387097
6	CalPred_quant_q_9	26	0.4767932489451477
6	CalPred_quant_q_9	27	0.5222222222222223
6	CalPred_quant_q_9	28	0.4910179640718562
6	CalPred_quant_q_9	29	0.5021551724137931
8	PredInterval_marginal	0	0.5131
8	PredInterval_marginal	1	0.5241
8	PredInterval_marginal	2	0.5134
8	PredInterval_marginal	3	0.5147
8	PredInterval_marginal	4	0.5228
8	PredInterval_marginal	5	0.5225
8	PredInterval_marginal	6	0.5192
8	PredInterval_marginal	7	0.5164
8	PredInterval_marginal	8	0.5329
8	PredInterval_marginal	9	0.5152
8	PredInterval_marginal	10	0.5193
8	PredInterval_marginal	11	0.5092
8	PredInterval_marginal	12	0.5347
8	PredInterval_marginal	13	0.5207
8	PredInterval_marginal	14	0.526
8	PredInterval_marginal	15	0.5308
8	PredInterval_marginal	16	0.5256
8	PredInterval_marginal	17	0.5285
8	PredInterval_marginal	18	0.5323
8	PredInterval_marginal	19	0.5292
8	PredInterval_marginal	20	0.518
8	PredInterval_marginal	21	0.517
8	PredInterval_marginal	22	0.5404
8	PredInterval_marginal	23	0.5328
8	PredInterval_marginal	24	0.5159
8	PredInterval_marginal	25	0.5267
8	PredInterval_marginal	26	0.5267
8	PredInterval_marginal	27	0.5102
8	PredInterval_marginal	28	0.5336
8	PredInterval_marginal	29	0.5225
8	PredInterval_quant_q_0	0	0.5479313824419778
8	PredInterval_quant_q_0	1	0.5890269151138716
8	PredInterval_quant_q_0	2	0.5505952380952381
8	PredInterval_quant_q_0	3	0.5796676441837733
8	PredInterval_quant_q_0	4	0.5893909626719057
8	PredInterval_quant_q_0	5	0.5580678314491264
8	PredInterval_quant_q_0	6	0.5645320197044335
8	PredInterval_quant_q_0	7	0.5663265306122449
8	PredInterval_quant_q_0	8	0.6120527306967984
8	PredInterval_quant_q_0	9	0.5479591836734694
8	PredInterval_quant_q_0	10	0.5612134344528711
8	PredInterval_quant_q_0	11	0.4920486435921422
8	PredInterval_quant_q_0	12	0.593812375249501
8	PredInterval_quant_q_0	13	0.596
8	PredInterval_quant_q_0	14	0.5989949748743718
8	PredInterval_quant_q_0	15	0.5934172313649564
8	PredInterval_quant_q_0	16	0.5724137931034483
8	PredInterval_quant_q_0	17	0.5945945945945946
8	PredInterval_quant_q_0	18	0.5628803245436106
8	PredInterval_quant_q_0	19	0.5889212827988338
8	PredInterval_quant_q_0	20	0.5796676441837733
8	PredInterval_quant_q_0	21	0.5916179337231969
8	PredInterval_quant_q_0	22	0.6158357771260997
8	PredInterval_quant_q_0	23	0.607621009268795
8	PredInterval_quant_q_0	24	0.5530671859785784
8	PredInterval_quant_q_0	25	0.5570866141732284
8	PredInterval_quant_q_0	26	0.6084396467124632
8	PredInterval_quant_q_0	27	0.5524193548387096
8	PredInterval_quant_q_0	28	0.6074766355140186
8	PredInterval_quant_q_0	29	0.6041450777202072
8	PredInterval_quant_q_9	0	0.4587884806355511
8	PredInterval_quant_q_9	1	0.4416243654822335
8	PredInterval_quant_q_9	2	0.4468302658486707
8	PredInterval_quant_q_9	3	0.4413291796469366
8	PredInterval_quant_q_9	4	0.4579918032786885
8	PredInterval_quant_q_9	5	0.4581673306772908
8	PredInterval_quant_q_9	6	0.4532577903682719
8	PredInterval_quant_q_9	7	0.4293248945147679
8	PredInterval_quant_q_9	8	0.4653961885656971
8	PredInterval_quant_q_9	9	0.4551214361140444
8	PredInterval_quant_q_9	10	0.4621513944223107
8	PredInterval_quant_q_9	11	0.5020366598778004
8	PredInterval_quant_q_9	12	0.4930966469428008
8	PredInterval_quant_q_9	13	0.441351888667992
8	PredInterval_quant_q_9	14	0.468063872255489
8	PredInterval_quant_q_9	15	0.4446680080482897
8	PredInterval_quant_q_9	16	0.4832146490335707
8	PredInterval_quant_q_9	17	0.4390992835209826
8	PredInterval_quant_q_9	18	0.4531095755182626
8	PredInterval_quant_q_9	19	0.4394572025052192
8	PredInterval_quant_q_9	20	0.4453201970443349
8	PredInterval_quant_q_9	21	0.4548162859980139
8	PredInterval_quant_q_9	22	0.4580454096742349
8	PredInterval_quant_q_9	23	0.4607543323139653
8	PredInterval_quant_q_9	24	0.4725609756097561
8	PredInterval_quant_q_9	25	0.4546370967741935
8	PredInterval_quant_q_9	26	0.4810126582278481
8	PredInterval_quant_q_9	27	0.4525252525252525
8	PredInterval_quant_q_9	28	0.4431137724550898
8	PredInterval_quant_q_9	29	0.4461206896551724
8	CalPred_marginal	0	0.493
8	CalPred_marginal	1	0.4893
8	CalPred_marginal	2	0.4993
8	CalPred_marginal	3	0.5001
8	CalPred_marginal	4	0.5009
8	CalPred_marginal	5	0.4975
8	CalPred_marginal	6	0.5005
8	CalPred_marginal	7	0.494
8	CalPred_marginal	8	0.4912
8	CalPred_marginal	9	0.5074
8	CalPred_marginal	10	0.4979
8	CalPred_marginal	11	0.504
8	CalPred_marginal	12	0.5035
8	CalPred_marginal	13	0.5041
8	CalPred_marginal	14	0.5016
8	CalPred_marginal	15	0.499
8	CalPred_marginal	16	0.5082
8	CalPred_marginal	17	0.5015
8	CalPred_marginal	18	0.4906
8	CalPred_marginal	19	0.4975
8	CalPred_marginal	20	0.5072
8	CalPred_marginal	21	0.4969
8	CalPred_marginal	22	0.5034
8	CalPred_marginal	23	0.5001
8	CalPred_marginal	24	0.5085
8	CalPred_marginal	25	0.4939
8	CalPred_marginal	26	0.4978
8	CalPred_marginal	27	0.4971
8	CalPred_marginal	28	0.4944
8	CalPred_marginal	29	0.4994
8	CalPred_quant_q_0	0	0.4843592330978809
8	CalPred_quant_q_0	1	0.4824016563146998
8	CalPred_quant_q_0	2	0.4930555555555556
8	CalPred_quant_q_0	3	0.4760508308895406
8	CalPred_quant_q_0	4	0.5098231827111984
8	CalPred_quant_q_0	5	0.4984583761562179
8	CalPred_quant_q_0	6	0.4935960591133005
8	CalPred_quant_q_0	7	0.4938775510204081
8	CalPred_quant_q_0	8	0.524482109227872
8	CalPred_quant_q_0	9	0.5163265306122449
8	CalPred_quant_q_0	10	0.5211267605633803
8	CalPred_quant_q_0	11	0.5070159027128157
8	CalPred_quant_q_0	12	0.4920159680638722
8	CalPred_quant_q_0	13	0.523
8	CalPred_quant_q_0	14	0.4783919597989949
8	CalPred_quant_q_0	15	0.5227492739593417
8	CalPred_quant_q_0	16	0.5054187192118227
8	CalPred_quant_q_0	17	0.5275275275275275
8	CalPred_quant_q_0	18	0.4543610547667343
8	CalPred_quant_q_0	19	0.5014577259475219
8	CalPred_quant_q_0	20	0.5190615835777126
8	CalPred_quant_q_0	21	0.5058479532163743
8	CalPred_quant_q_0	22	0.4868035190615836
8	CalPred_quant_q_0	23	0.5200823892893924
8	CalPred_quant_q_0	24	0.4732229795520934
8	CalPred_quant_q_0	25	0.4645669291338583
8	CalPred_quant_q_0	26	0.4975466143277723
8	CalPred_quant_q_0	27	0.4858870967741935
8	CalPred_quant_q_0	28	0.4839044652128764
8	CalPred_quant_q_0	29	0.4901554404145077
8	CalPred_quant_q_9	0	0.5153922542204568
8	CalPred_quant_q_9	1	0.4812182741116751
8	CalPred_quant_q_9	2	0.4959100204498977
8	CalPred_quant_q_9	3	0.454828660436137
8	CalPred_quant_q_9	4	0.5010245901639344
8	CalPred_quant_q_9	5	0.5149402390438247
8	CalPred_quant_q_9	6	0.47780925401322
8	CalPred_quant_q_9	7	0.4704641350210971
8	CalPred_quant_q_9	8	0.5015045135406219
8	CalPred_quant_q_9	9	0.5269271383315733
8	CalPred_quant_q_9	10	0.4950199203187251
8	CalPred_quant_q_9	11	0.5020366598778004
8	CalPred_quant_q_9	12	0.5414201183431953
8	CalPred_quant_q_9	13	0.4880715705765407
8	CalPred_quant_q_9	14	0.5359281437125748
8	CalPred_quant_q_9	15	0.5050301810865191
8	CalPred_quant_q_9	16	0.5096642929806714
8	CalPred_quant_q_9	17	0.5230296827021494
8	CalPred_quant_q_9	18	0.491609081934847
8	CalPred_quant_q_9	19	0.4968684759916493
8	CalPred_quant_q_9	20	0.5113300492610837
8	CalPred_quant_q_9	21	0.4965243296921549
8	CalPred_quant_q_9	22	0.5044422507403751
8	CalPred_quant_q_9	23	0.4750254841997961
8	CalPred_quant_q_9	24	0.5152439024390244
8	CalPred_quant_q_9	25	0.4949596774193548
8	CalPred_quant_q_9	26	0.4778481012658228
8	CalPred_quant_q_9	27	0.5191919191919192
8	CalPred_quant_q_9	28	0.4900199600798403
8	CalPred_quant_q_9	29	0.5021551724137931
10	PredInterval_marginal	0	0.5156
10	PredInterval_marginal	1	0.529
10	PredInterval_marginal	2	0.5154
10	PredInterval_marginal	3	0.5207
10	PredInterval_marginal	4	0.5215
10	PredInterval_marginal	5	0.5263
10	PredInterval_marginal	6	0.5186
10	PredInterval_marginal	7	0.5156
10	PredInterval_marginal	8	0.5357
10	PredInterval_marginal	9	0.5166
10	PredInterval_marginal	10	0.5216
10	PredInterval_marginal	11	0.5093
10	PredInterval_marginal	12	0.5324
10	PredInterval_marginal	13	0.5253
10	PredInterval_marginal	14	0.5309
10	PredInterval_marginal	15	0.5342
10	PredInterval_marginal	16	0.5256
10	PredInterval_marginal	17	0.5276
10	PredInterval_marginal	18	0.5277
10	PredInterval_marginal	19	0.528
10	PredInterval_marginal	20	0.522
10	PredInterval_marginal	21	0.5213
10	PredInterval_marginal	22	0.5398
10	PredInterval_marginal	23	0.5286
10	PredInterval_marginal	24	0.5225
10	PredInterval_marginal	25	0.5272
10	PredInterval_marginal	26	0.5216
10	PredInterval_marginal	27	0.515
10	PredInterval_marginal	28	0.5273
10	PredInterval_marginal	29	0.5149
10	PredInterval_quant_q_0	0	0.5529767911200807
10	PredInterval_quant_q_0	1	0.6004140786749482
10	PredInterval_quant_q_0	2	0.5565476190476191
10	PredInterval_quant_q_0	3	0.5953079178885631
10	PredInterval_quant_q_0	4	0.5982318271119843
10	PredInterval_quant_q_0	5	0.5765673175745119
10	PredInterval_quant_q_0	6	0.5773399014778325
10	PredInterval_quant_q_0	7	0.576530612244898
10	PredInterval_quant_q_0	8	0.6214689265536724
10	PredInterval_quant_q_0	9	0.5612244897959183
10	PredInterval_quant_q_0	10	0.5893824485373781
10	PredInterval_quant_q_0	11	0.490177736202058
10	PredInterval_quant_q_0	12	0.6027944111776448
10	PredInterval_quant_q_0	13	0.622
10	PredInterval_quant_q_0	14	0.6190954773869347
10	PredInterval_quant_q_0	15	0.6108422071636012
10	PredInterval_quant_q_0	16	0.5852216748768473
10	PredInterval_quant_q_0	17	0.6006006006006006
10	PredInterval_quant_q_0	18	0.5730223123732252
10	PredInterval_quant_q_0	19	0.6025267249757046
10	PredInterval_quant_q_0	20	0.6001955034213099
10	PredInterval_quant_q_0	21	0.6033138401559455
10	PredInterval_quant_q_0	22	0.6334310850439883
10	PredInterval_quant_q_0	23	0.6107106076210093
10	PredInterval_quant_q_0	24	0.5676728334956183
10	PredInterval_quant_q_0	25	0.5688976377952756
10	PredInterval_quant_q_0	26	0.6182531894013739
10	PredInterval_quant_q_0	27	0.5745967741935484
10	PredInterval_quant_q_0	28	0.6116303219106958
10	PredInterval_quant_q_0	29	0.6103626943005181
10	PredInterval_quant_q_9	0	0.4409136047666335
10	PredInterval_quant_q_9	1	0.43248730964467
10	PredInterval_quant_q_9	2	0.4468302658486707
10	PredInterval_quant_q_9	3	0.4184839044652129
10	PredInterval_quant_q_9	4	0.4487704918032787
10	PredInterval_quant_q_9	5	0.448207171314741
10	PredInterval_quant_q_9	6	0.4343720491029273
10	PredInterval_quant_q_9	7	0.4040084388185654
10	PredInterval_quant_q_9	8	0.4473420260782347
10	PredInterval_quant_q_9	9	0.4371700105596621
10	PredInterval_quant_q_9	10	0.4442231075697211
10	PredInterval_quant_q_9	11	0.4969450101832994
10	PredInterval_quant_q_9	12	0.4733727810650887
10	PredInterval_quant_q_9	13	0.4234592445328032
10	PredInterval_quant_q_9	14	0.4570858283433133
10	PredInterval_quant_q_9	15	0.4285714285714285
10	PredInterval_quant_q_9	16	0.4628687690742624
10	PredInterval_quant_q_9	17	0.4247697031729785
10	PredInterval_quant_q_9	18	0.4313919052319842
10	PredInterval_quant_q_9	19	0.4133611691022965
10	PredInterval_quant_q_9	20	0.4344827586206896
10	PredInterval_quant_q_9	21	0.4478649453823237
10	PredInterval_quant_q_9	22	0.4333662388943731
10	PredInterval_quant_q_9	23	0.4393476044852191
10	PredInterval_quant_q_9	24	0.4603658536585366
10	PredInterval_quant_q_9	25	0.4405241935483871
10	PredInterval_quant_q_9	26	0.4451476793248945
10	PredInterval_quant_q_9	27	0.4353535353535353
10	PredInterval_quant_q_9	28	0.4191616766467065
10	PredInterval_quant_q_9	29	0.4137931034482758
10	CalPred_marginal	0	0.4919
10	CalPred_marginal	1	0.4886
10	CalPred_marginal	2	0.4981
10	CalPred_marginal	3	0.5016
10	CalPred_marginal	4	0.4997
10	CalPred_marginal	5	0.4978
10	CalPred_marginal	6	0.4984
10	CalPred_marginal	7	0.4954
10	CalPred_marginal	8	0.4899
10	CalPred_marginal	9	0.5074
10	CalPred_marginal	10	0.4977
10	CalPred_marginal	11	0.5033
10	CalPred_marginal	12	0.5047
10	CalPred_marginal	13	0.5036
10	CalPred_marginal	14	0.5022
10	CalPred_marginal	15	0.5005
10	CalPred_marginal	16	0.5069
10	CalPred_marginal	17	0.5037
10	CalPred_marginal	18	0.4899
10	CalPred_marginal	19	0.4976
10	CalPred_marginal	20	0.5054
10	CalPred_marginal	21	0.4945
10	CalPred_marginal	22	0.5017
10	CalPred_marginal	23	0.5002
10	CalPred_marginal	24	0.5081
10	CalPred_marginal	25	0.4949
10	CalPred_marginal	26	0.4975
10	CalPred_marginal	27	0.4977
10	CalPred_marginal	28	0.4964
10	CalPred_marginal	29	0.5017
10	CalPred_quant_q_0	0	0.479313824419778
10	CalPred_quant_q_0	1	0.4761904761904761
10	CalPred_quant_q_0	2	0.490079365079365
10	CalPred_quant_q_0	3	0.4750733137829912
10	CalPred_quant_q_0	4	0.5108055009823183
10	CalPred_quant_q_0	5	0.5015416238437821
10	CalPred_quant_q_0	6	0.4876847290640394
10	CalPred_quant_q_0	7	0.4969387755102041
10	CalPred_quant_q_0	8	0.5235404896421846
10	CalPred_quant_q_0	9	0.513265306122449
10	CalPred_quant_q_0	10	0.5254604550379198
10	CalPred_quant_q_0	11	0.5032740879326474
10	CalPred_quant_q_0	12	0.4930139720558882
10	CalPred_quant_q_0	13	0.526
10	CalPred_quant_q_0	14	0.4793969849246231
10	CalPred_quant_q_0	15	0.5246853823814134
10	CalPred_quant_q_0	16	0.5083743842364532
10	CalPred_quant_q_0	17	0.5305305305305306
10	CalPred_quant_q_0	18	0.4584178498985801
10	CalPred_quant_q_0	19	0.5024295432458697
10	CalPred_quant_q_0	20	0.5102639296187683
10	CalPred_quant_q_0	21	0.4990253411306042
10	CalPred_quant_q_0	22	0.4789833822091887
10	CalPred_quant_q_0	23	0.518022657054583
10	CalPred_quant_q_0	24	0.4722492697176241
10	CalPred_quant_q_0	25	0.4694881889763779
10	CalPred_quant_q_0	26	0.5044160942100098
10	CalPred_quant_q_0	27	0.4939516129032258
10	CalPred_quant_q_0	28	0.4911734164070612
10	CalPred_quant_q_0	29	0.4911917098445595
10	CalPred_quant_q_9	0	0.5153922542204568
10	CalPred_quant_q_9	1	0.4852791878172589
10	CalPred_quant_q_9	2	0.4897750511247444
10	CalPred_quant_q_9	3	0.4610591900311526
10	CalPred_quant_q_9	4	0.5010245901639344
10	CalPred_quant_q_9	5	0.5149402390438247
10	CalPred_quant_q_9	6	0.4796978281397545
10	CalPred_quant_q_9	7	0.4725738396624472
10	CalPred_quant_q_9	8	0.5045135406218656
10	CalPred_quant_q_9	9	0.5216473072861668
10	CalPred_quant_q_9	10	0.4960159362549801
10	CalPred_quant_q_9	11	0.4969450101832994
10	CalPred_quant_q_9	12	0.5443786982248521
10	CalPred_quant_q_9	13	0.4821073558648111
10	CalPred_quant_q_9	14	0.5339321357285429
10	CalPred_quant_q_9	15	0.5080482897384306
10	CalPred_quant_q_9	16	0.4994913530010172
10	CalPred_quant_q_9	17	0.5281473899692938
10	CalPred_quant_q_9	18	0.4886475814412636
10	CalPred_quant_q_9	19	0.4926931106471816
10	CalPred_quant_q_9	20	0.5142857142857142
10	CalPred_quant_q_9	21	0.4925521350546177
10	CalPred_quant_q_9	22	0.510365251727542
10	CalPred_quant_q_9	23	0.4831804281345566
10	CalPred_quant_q_9	24	0.5172764227642277
10	CalPred_quant_q_9	25	0.4919354838709677
10	CalPred_quant_q_9	26	0.4704641350210971
10	CalPred_quant_q_9	27	0.5252525252525253
10	CalPred_quant_q_9	28	0.4910179640718562
10	CalPred_quant_q_9	29	0.5010775862068966
12	PredInterval_marginal	0	0.5173
12	PredInterval_marginal	1	0.5331
12	PredInterval_marginal	2	0.5165
12	PredInterval_marginal	3	0.5191
12	PredInterval_marginal	4	0.5234
12	PredInterval_marginal	5	0.5233
12	PredInterval_marginal	6	0.5216
12	PredInterval_marginal	7	0.5175
12	PredInterval_marginal	8	0.5367
12	PredInterval_marginal	9	0.5188
12	PredInterval_marginal	10	0.5228
12	PredInterval_marginal	11	0.5108
12	PredInterval_marginal	12	0.5335
12	PredInterval_marginal	13	0.5203
12	PredInterval_marginal	14	0.5288
12	PredInterval_marginal	15	0.5317
12	PredInterval_marginal	16	0.5283
12	PredInterval_marginal	17	0.5304
12	PredInterval_marginal	18	0.5308
12	PredInterval_marginal	19	0.5289
12	PredInterval_marginal	20	0.522
12	PredInterval_marginal	21	0.5162
12	PredInterval_marginal	22	0.5391
12	PredInterval_marginal	23	0.5294
12	PredInterval_marginal	24	0.5199
12	PredInterval_marginal	25	0.5285
12	PredInterval_marginal	26	0.5234
12	PredInterval_marginal	27	0.5167
12	PredInterval_marginal	28	0.5322
12	PredInterval_marginal	29	0.5189
12	PredInterval_quant_q_0	0	0.5671039354187689
12	PredInterval_quant_q_0	1	0.6231884057971014
12	PredInterval_quant_q_0	2	0.5634920634920635
12	PredInterval_quant_q_0	3	0.6109481915933529
12	PredInterval_quant_q_0	4	0.6051080550098232
12	PredInterval_quant_q_0	5	0.5806783144912642
12	PredInterval_quant_q_0	6	0.5980295566502463
12	PredInterval_quant_q_0	7	0.5897959183673469
12	PredInterval_quant_q_0	8	0.632768361581921
12	PredInterval_quant_q_0	9	0.5714285714285714
12	PredInterval_quant_q_0	10	0.6056338028169014
12	PredInterval_quant_q_0	11	0.4976613657623948
12	PredInterval_quant_q_0	12	0.6137724550898204
12	PredInterval_quant_q_0	13	0.617
12	PredInterval_quant_q_0	14	0.614070351758794
12	PredInterval_quant_q_0	15	0.6137463697967086
12	PredInterval_quant_q_0	16	0.6019704433497537
12	PredInterval_quant_q_0	17	0.6046046046046046
12	PredInterval_quant_q_0	18	0.5841784989858012
12	PredInterval_quant_q_0	19	0.6190476190476191
12	PredInterval_quant_q_0	20	0.6070381231671554
12	PredInterval_quant_q_0	21	0.6072124756335283
12	PredInterval_quant_q_0	22	0.64613880742913
12	PredInterval_quant_q_0	23	0.615859938208033
12	PredInterval_quant_q_0	24	0.5705939629990263
12	PredInterval_quant_q_0	25	0.5807086614173228
12	PredInterval_quant_q_0	26	0.634936211972522
12	PredInterval_quant_q_0	27	0.5816532258064516
12	PredInterval_quant_q_0	28	0.6230529595015576
12	PredInterval_quant_q_0	29	0.6217616580310881
12	PredInterval_quant_q_9	0	0.4309831181727904
12	PredInterval_quant_q_9	1	0.4101522842639594
12	PredInterval_quant_q_9	2	0.4304703476482617
12	PredInterval_quant_q_9	3	0.3904465212876428
12	PredInterval_quant_q_9	4	0.4354508196721312
12	PredInterval_quant_q_9	5	0.4382470119521912
12	PredInterval_quant_q_9	6	0.4126534466477809
12	PredInterval_quant_q_9	7	0.3913502109704641
12	PredInterval_quant_q_9	8	0.4332998996990972
12	PredInterval_quant_q_9	9	0.423442449841605
12	PredInterval_quant_q_9	10	0.4243027888446215
12	PredInterval_quant_q_9	11	0.4887983706720977
12	PredInterval_quant_q_9	12	0.4625246548323471
12	PredInterval_quant_q_9	13	0.3996023856858847
12	PredInterval_quant_q_9	14	0.437125748502994
12	PredInterval_quant_q_9	15	0.4064386317907444
12	PredInterval_quant_q_9	16	0.4435401831129196
12	PredInterval_quant_q_9	17	0.4094165813715456
12	PredInterval_quant_q_9	18	0.4195459032576505
12	PredInterval_quant_q_9	19	0.3945720250521921
12	PredInterval_quant_q_9	20	0.4177339901477832
12	PredInterval_quant_q_9	21	0.4160873882820258
12	PredInterval_quant_q_9	22	0.4165844027640671
12	PredInterval_quant_q_9	23	0.4209989806320081
12	PredInterval_quant_q_9	24	0.4420731707317073
12	PredInterval_quant_q_9	25	0.4143145161290322
12	PredInterval_quant_q_9	26	0.430379746835443
12	PredInterval_quant_q_9	27	0.4272727272727272
12	PredInterval_quant_q_9	28	0.4011976047904191
12	PredInterval_quant_q_9	29	0.396551724137931
12	CalPred_marginal	0	0.4915
12	CalPred_marginal	1	0.488
12	CalPred_marginal	2	0.4971
12	CalPred_marginal	3	0.502
12	CalPred_marginal	4	0.5002
12	CalPred_marginal	5	0.4994
12	CalPred_marginal	6	0.4987
12	CalPred_marginal	7	0.4962
12	CalPred_marginal	8	0.4897
12	CalPred_marginal	9	0.5055
12	CalPred_marginal	10	0.4974
12	CalPred_marginal	11	0.5013
12	CalPred_marginal	12	0.5036
12	CalPred_marginal	13	0.5017
12	CalPred_marginal	14	0.501
12	CalPred_marginal	15	0.4982
12	CalPred_marginal	16	0.507
12	CalPred_marginal	17	0.5045
12	CalPred_marginal	18	0.4897
12	CalPred_marginal	19	0.4988
12	CalPred_marginal	20	0.5047
12	CalPred_marginal	21	0.4946
12	CalPred_marginal	22	0.5006
12	CalPred_marginal	23	0.4985
12	CalPred_marginal	24	0.5089
12	CalPred_marginal	25	0.4976
12	CalPred_marginal	26	0.4976
12	CalPred_marginal	27	0.4965
12	CalPred_marginal	28	0.4943
12	CalPred_marginal	29	0.4987
12	CalPred_quant_q_0	0	0.4692230070635722
12	CalPred_quant_q_0	1	0.4824016563146998
12	CalPred_quant_q_0	2	0.490079365079365
12	CalPred_quant_q_0	3	0.479960899315738
12	CalPred_quant_q_0	4	0.5078585461689588
12	CalPred_quant_q_0	5	0.5046248715313464
12	CalPred_quant_q_0	6	0.4955665024630541
12	CalPred_quant_q_0	7	0.5010204081632653
12	CalPred_quant_q_0	8	0.5263653483992468
12	CalPred_quant_q_0	9	0.5122448979591837
12	CalPred_quant_q_0	10	0.5308775731310943
12	CalPred_quant_q_0	11	0.5116931711880262
12	CalPred_quant_q_0	12	0.4900199600798403
12	CalPred_quant_q_0	13	0.53
12	CalPred_quant_q_0	14	0.4844221105527638
12	CalPred_quant_q_0	15	0.5256534365924492
12	CalPred_quant_q_0	16	0.5083743842364532
12	CalPred_quant_q_0	17	0.5285285285285285
12	CalPred_quant_q_0	18	0.4634888438133874
12	CalPred_quant_q_0	19	0.5053449951409135
12	CalPred_quant_q_0	20	0.5083088954056696
12	CalPred_quant_q_0	21	0.5087719298245614
12	CalPred_quant_q_0	22	0.4789833822091887
12	CalPred_quant_q_0	23	0.5087538619979403
12	CalPred_quant_q_0	24	0.4780915287244401
12	CalPred_quant_q_0	25	0.484251968503937
12	CalPred_quant_q_0	26	0.4985279685966634
12	CalPred_quant_q_0	27	0.4909274193548387
12	CalPred_quant_q_0	28	0.4818276220145379
12	CalPred_quant_q_0	29	0.4756476683937823
12	CalPred_quant_q_9	0	0.5153922542204568
12	CalPred_quant_q_9	1	0.4812182741116751
12	CalPred_quant_q_9	2	0.492842535787321
12	CalPred_quant_q_9	3	0.4641744548286604
12	CalPred_quant_q_9	4	0.5030737704918032
12	CalPred_quant_q_9	5	0.5119521912350598
12	CalPred_quant_q_9	6	0.4740321057601511
12	CalPred_quant_q_9	7	0.4725738396624472
12	CalPred_quant_q_9	8	0.5035105315947843
12	CalPred_quant_q_9	9	0.515311510031679
12	CalPred_quant_q_9	10	0.4960159362549801
12	CalPred_quant_q_9	11	0.4959266802443992
12	CalPred_quant_q_9	12	0.5404339250493096
12	CalPred_quant_q_9	13	0.4811133200795228
12	CalPred_quant_q_9	14	0.5259481037924152
12	CalPred_quant_q_9	15	0.5090543259557344
12	CalPred_quant_q_9	16	0.4984740590030518
12	CalPred_quant_q_9	17	0.5271238485158649
12	CalPred_quant_q_9	18	0.489634748272458
12	CalPred_quant_q_9	19	0.4937369519832985
12	CalPred_quant_q_9	20	0.5113300492610837
12	CalPred_quant_q_9	21	0.4915590863952334
12	CalPred_quant_q_9	22	0.5024679170779862
12	CalPred_quant_q_9	23	0.4811416921508664
12	CalPred_quant_q_9	24	0.5254065040650406
12	CalPred_quant_q_9	25	0.4919354838709677
12	CalPred_quant_q_9	26	0.4778481012658228
12	CalPred_quant_q_9	27	0.5222222222222223
12	CalPred_quant_q_9	28	0.4950099800399201
12	CalPred_quant_q_9	29	0.4989224137931034
14	PredInterval_marginal	0	0.5192
14	PredInterval_marginal	1	0.5308
14	PredInterval_marginal	2	0.5176
14	PredInterval_marginal	3	0.5189
14	PredInterval_marginal	4	0.5252
14	PredInterval_marginal	5	0.524
14	PredInterval_marginal	6	0.5214
14	PredInterval_marginal	7	0.5195
14	PredInterval_marginal	8	0.5437
14	PredInterval_marginal	9	0.5182
14	PredInterval_marginal	10	0.5229
14	PredInterval_marginal	11	0.5126
14	PredInterval_marginal	12	0.5348
14	PredInterval_marginal	13	0.5219
14	PredInterval_marginal	14	0.528
14	PredInterval_marginal	15	0.5346
14	PredInterval_marginal	16	0.5234
14	PredInterval_marginal	17	0.5291
14	PredInterval_marginal	18	0.5319
14	PredInterval_marginal	19	0.5275
14	PredInterval_marginal	20	0.525
14	PredInterval_marginal	21	0.518
14	PredInterval_marginal	22	0.5392
14	PredInterval_marginal	23	0.5337
14	PredInterval_marginal	24	0.5208
14	PredInterval_marginal	25	0.5275
14	PredInterval_marginal	26	0.5231
14	PredInterval_marginal	27	0.518
14	PredInterval_marginal	28	0.5296
14	PredInterval_marginal	29	0.5175
14	PredInterval_quant_q_0	0	0.5711402623612513
14	PredInterval_quant_q_0	1	0.6335403726708074
14	PredInterval_quant_q_0	2	0.5734126984126984
14	PredInterval_quant_q_0	3	0.6217008797653959
14	PredInterval_quant_q_0	4	0.6198428290766208
14	PredInterval_quant_q_0	5	0.593011305241521
14	PredInterval_quant_q_0	6	0.6059113300492611
14	PredInterval_quant_q_0	7	0.6010204081632653
14	PredInterval_quant_q_0	8	0.6459510357815442
14	PredInterval_quant_q_0	9	0.5744897959183674
14	PredInterval_quant_q_0	10	0.609967497291441
14	PredInterval_quant_q_0	11	0.509822263797942
14	PredInterval_quant_q_0	12	0.627744510978044
14	PredInterval_quant_q_0	13	0.625
14	PredInterval_quant_q_0	14	0.6110552763819096
14	PredInterval_quant_q_0	15	0.6340755082284608
14	PredInterval_quant_q_0	16	0.6039408866995074
14	PredInterval_quant_q_0	17	0.6196196196196196
14	PredInterval_quant_q_0	18	0.6004056795131846
14	PredInterval_quant_q_0	19	0.6239067055393586
14	PredInterval_quant_q_0	20	0.6158357771260997
14	PredInterval_quant_q_0	21	0.6198830409356725
14	PredInterval_quant_q_0	22	0.6529814271749755
14	PredInterval_quant_q_0	23	0.6343975283213182
14	PredInterval_quant_q_0	24	0.578383641674781
14	PredInterval_quant_q_0	25	0.5885826771653543
14	PredInterval_quant_q_0	26	0.6427870461236507
14	PredInterval_quant_q_0	27	0.5897177419354839
14	PredInterval_quant_q_0	28	0.6282450674974039
14	PredInterval_quant_q_0	29	0.6238341968911917
14	PredInterval_quant_q_9	0	0.4190665342601787
14	PredInterval_quant_q_9	1	0.3878172588832487
14	PredInterval_quant_q_9	2	0.418200408997955
14	PredInterval_quant_q_9	3	0.371754932502596
14	PredInterval_quant_q_9	4	0.4211065573770491
14	PredInterval_quant_q_9	5	0.4153386454183267
14	PredInterval_quant_q_9	6	0.380547686496695
14	PredInterval_quant_q_9	7	0.3670886075949367
14	PredInterval_quant_q_9	8	0.4192577733199599
14	PredInterval_quant_q_9	9	0.4044350580781415
14	PredInterval_quant_q_9	10	0.4063745019920319
14	PredInterval_quant_q_9	11	0.4877800407331975
14	PredInterval_quant_q_9	12	0.4428007889546351
14	PredInterval_quant_q_9	13	0.3827037773359841
14	PredInterval_quant_q_9	14	0.4221556886227545
14	PredInterval_quant_q_9	15	0.3993963782696177
14	PredInterval_quant_q_9	16	0.4191251271617497
14	PredInterval_quant_q_9	17	0.3879222108495394
14	PredInterval_quant_q_9	18	0.3968410661401776
14	PredInterval_quant_q_9	19	0.3747390396659708
14	PredInterval_quant_q_9	20	0.4049261083743842
14	PredInterval_quant_q_9	21	0.3982125124131082
14	PredInterval_quant_q_9	22	0.3919052319842053
14	PredInterval_quant_q_9	23	0.4087665647298675
14	PredInterval_quant_q_9	24	0.4217479674796748
14	PredInterval_quant_q_9	25	0.3971774193548387
14	PredInterval_quant_q_9	26	0.4029535864978903
14	PredInterval_quant_q_9	27	0.4101010101010101
14	PredInterval_quant_q_9	28	0.3912175648702595
14	PredInterval_quant_q_9	29	0.3706896551724138
14	CalPred_marginal	0	0.491
14	CalPred_marginal	1	0.4871
14	CalPred_marginal	2	0.4966
14	CalPred_marginal	3	0.5017
14	CalPred_marginal	4	0.4997
14	CalPred_marginal	5	0.4988
14	CalPred_marginal	6	0.4984
14	CalPred_marginal	7	0.4964
14	CalPred_marginal	8	0.4883
14	CalPred_marginal	9	0.5054
14	CalPred_marginal	10	0.4981
14	CalPred_marginal	11	0.5029
14	CalPred_marginal	12	0.5037
14	CalPred_marginal	13	0.5034
14	CalPred_marginal	14	0.5002
14	CalPred_marginal	15	0.4981
14	CalPred_marginal	16	0.5051
14	CalPred_marginal	17	0.5038
14	CalPred_marginal	18	0.4902
14	CalPred_marginal	19	0.4963
14	CalPred_marginal	20	0.5046
14	CalPred_marginal	21	0.4947
14	CalPred_marginal	22	0.5013
14	CalPred_marginal	23	0.4985
14	CalPred_marginal	24	0.5093
14	CalPred_marginal	25	0.4997
14	CalPred_marginal	26	0.4959
14	CalPred_marginal	27	0.4972
14	CalPred_marginal	28	0.4931
14	CalPred_marginal	29	0.4977
14	CalPred_quant_q_0	0	0.4682139253279516
14	CalPred_quant_q_0	1	0.4855072463768116
14	CalPred_quant_q_0	2	0.4930555555555556
14	CalPred_quant_q_0	3	0.4750733137829912
14	CalPred_quant_q_0	4	0.5068762278978389
14	CalPred_quant_q_0	5	0.5035971223021583
14	CalPred_quant_q_0	6	0.4876847290640394
14	CalPred_quant_q_0	7	0.5010204081632653
14	CalPred_quant_q_0	8	0.524482109227872
14	CalPred_quant_q_0	9	0.503061224489796
14	CalPred_quant_q_0	10	0.5297941495124594
14	CalPred_quant_q_0	11	0.5135640785781104
14	CalPred_quant_q_0	12	0.4830339321357285
14	CalPred_quant_q_0	13	0.535
14	CalPred_quant_q_0	14	0.4854271356783919
14	CalPred_quant_q_0	15	0.5246853823814134
14	CalPred_quant_q_0	16	0.4995073891625616
14	CalPred_quant_q_0	17	0.5325325325325325
14	CalPred_quant_q_0	18	0.4624746450304259
14	CalPred_quant_q_0	19	0.500485908649174
14	CalPred_quant_q_0	20	0.5034213098729228
14	CalPred_quant_q_0	21	0.5038986354775828
14	CalPred_quant_q_0	22	0.4858260019550342
14	CalPred_quant_q_0	23	0.5066941297631308
14	CalPred_quant_q_0	24	0.4810126582278481
14	CalPred_quant_q_0	25	0.4881889763779528
14	CalPred_quant_q_0	26	0.4995093228655544
14	CalPred_quant_q_0	27	0.4959677419354839
14	CalPred_quant_q_0	28	0.4828660436137071
14	CalPred_quant_q_0	29	0.477720207253886
14	CalPred_quant_q_9	0	0.519364448857994
14	CalPred_quant_q_9	1	0.4802030456852791
14	CalPred_quant_q_9	2	0.4897750511247444
14	CalPred_quant_q_9	3	0.4735202492211838
14	CalPred_quant_q_9	4	0.4948770491803279
14	CalPred_quant_q_9	5	0.5069721115537849
14	CalPred_quant_q_9	6	0.4740321057601511
14	CalPred_quant_q_9	7	0.4715189873417721
14	CalPred_quant_q_9	8	0.5015045135406219
14	CalPred_quant_q_9	9	0.5174234424498416
14	CalPred_quant_q_9	10	0.499003984063745
14	CalPred_quant_q_9	11	0.4898167006109979
14	CalPred_quant_q_9	12	0.5424063116370809
14	CalPred_quant_q_9	13	0.4801192842942346
14	CalPred_quant_q_9	14	0.5269461077844312
14	CalPred_quant_q_9	15	0.5080482897384306
14	CalPred_quant_q_9	16	0.5025432349949135
14	CalPred_quant_q_9	17	0.5271238485158649
14	CalPred_quant_q_9	18	0.4935834155972359
14	CalPred_quant_q_9	19	0.4885177453027139
14	CalPred_quant_q_9	20	0.5113300492610837
14	CalPred_quant_q_9	21	0.4985104270109235
14	CalPred_quant_q_9	22	0.5044422507403751
14	CalPred_quant_q_9	23	0.4831804281345566
14	CalPred_quant_q_9	24	0.5284552845528455
14	CalPred_quant_q_9	25	0.4939516129032258
14	CalPred_quant_q_9	26	0.4736286919831223
14	CalPred_quant_q_9	27	0.5212121212121212
14	CalPred_quant_q_9	28	0.4940119760479042
14	CalPred_quant_q_9	29	0.4989224137931034
16	PredInterval_marginal	0	0.5197
16	PredInterval_marginal	1	0.5332
16	PredInterval_marginal	2	0.518
16	PredInterval_marginal	3	0.5205
16	PredInterval_marginal	4	0.5276
16	PredInterval_marginal	5	0.5215
16	PredInterval_marginal	6	0.5209
16	PredInterval_marginal	7	0.5226
16	PredInterval_marginal	8	0.5389
16	PredInterval_marginal	9	0.516
16	PredInterval_marginal	10	0.5229
16	PredInterval_marginal	11	0.5124
16	PredInterval_marginal	12	0.5336
16	PredInterval_marginal	13	0.5207
16	PredInterval_marginal	14	0.5287
16	PredInterval_marginal	15	0.5365
16	PredInterval_marginal	16	0.5267
16	PredInterval_marginal	17	0.5268
16	PredInterval_marginal	18	0.53
16	PredInterval_marginal	19	0.5289
16	PredInterval_marginal	20	0.5227
16	PredInterval_marginal	21	0.5179
16	PredInterval_marginal	22	0.54
16	PredInterval_marginal	23	0.5348
16	PredInterval_marginal	24	0.5211
16	PredInterval_marginal	25	0.53
16	PredInterval_marginal	26	0.524
16	PredInterval_marginal	27	0.5191
16	PredInterval_marginal	28	0.5317
16	PredInterval_marginal	29	0.5208
16	PredInterval_quant_q_0	0	0.5731584258324924
16	PredInterval_quant_q_0	1	0.6407867494824017
16	PredInterval_quant_q_0	2	0.5763888888888888
16	PredInterval_quant_q_0	3	0.6324535679374389
16	PredInterval_quant_q_0	4	0.637524557956778
16	PredInterval_quant_q_0	5	0.5940390544707091
16	PredInterval_quant_q_0	6	0.6216748768472906
16	PredInterval_quant_q_0	7	0.6153061224489796
16	PredInterval_quant_q_0	8	0.6468926553672316
16	PredInterval_quant_q_0	9	0.5744897959183674
16	PredInterval_quant_q_0	10	0.6294691224268689
16	PredInterval_quant_q_0	11	0.5135640785781104
16	PredInterval_quant_q_0	12	0.6337325349301397
16	PredInterval_quant_q_0	13	0.634
16	PredInterval_quant_q_0	14	0.6231155778894473
16	PredInterval_quant_q_0	15	0.6505324298160697
16	PredInterval_quant_q_0	16	0.6137931034482759
16	PredInterval_quant_q_0	17	0.6176176176176176
16	PredInterval_quant_q_0	18	0.5943204868154158
16	PredInterval_quant_q_0	19	0.6365403304178814
16	PredInterval_quant_q_0	20	0.6177908113391984
16	PredInterval_quant_q_0	21	0.6296296296296297
16	PredInterval_quant_q_0	22	0.6598240469208211
16	PredInterval_quant_q_0	23	0.6436663233779608
16	PredInterval_quant_q_0	24	0.5871470301850049
16	PredInterval_quant_q_0	25	0.6003937007874016
16	PredInterval_quant_q_0	26	0.6526005888125613
16	PredInterval_quant_q_0	27	0.594758064516129
16	PredInterval_quant_q_0	28	0.6396677050882659
16	PredInterval_quant_q_0	29	0.6269430051813472
16	PredInterval_quant_q_9	0	0.4081429990069513
16	PredInterval_quant_q_9	1	0.3736040609137055
16	PredInterval_quant_q_9	2	0.4008179959100204
16	PredInterval_quant_q_9	3	0.35202492211838
16	PredInterval_quant_q_9	4	0.4016393442622951
16	PredInterval_quant_q_9	5	0.4043824701195219
16	PredInterval_quant_q_9	6	0.3578847969782814
16	PredInterval_quant_q_9	7	0.3512658227848101
16	PredInterval_quant_q_9	8	0.399197592778335
16	PredInterval_quant_q_9	9	0.3991552270327349
16	PredInterval_quant_q_9	10	0.3794820717131474
16	PredInterval_quant_q_9	11	0.4653767820773931
16	PredInterval_quant_q_9	12	0.4191321499013806
16	PredInterval_quant_q_9	13	0.3608349900596421
16	PredInterval_quant_q_9	14	0.405189620758483
16	PredInterval_quant_q_9	15	0.3853118712273642
16	PredInterval_quant_q_9	16	0.4038657171922685
16	PredInterval_quant_q_9	17	0.368474923234391
16	PredInterval_quant_q_9	18	0.3810463968410661
16	PredInterval_quant_q_9	19	0.3611691022964509
16	PredInterval_quant_q_9	20	0.3862068965517241
16	PredInterval_quant_q_9	21	0.3753723932472691
16	PredInterval_quant_q_9	22	0.3711747285291214
16	PredInterval_quant_q_9	23	0.3934760448521916
16	PredInterval_quant_q_9	24	0.4065040650406504
16	PredInterval_quant_q_9	25	0.3780241935483871
16	PredInterval_quant_q_9	26	0.3818565400843882
16	PredInterval_quant_q_9	27	0.4
16	PredInterval_quant_q_9	28	0.3652694610778443
16	PredInterval_quant_q_9	29	0.3502155172413793
16	CalPred_marginal	0	0.4929
16	CalPred_marginal	1	0.4867
16	CalPred_marginal	2	0.4962
16	CalPred_marginal	3	0.5028
16	CalPred_marginal	4	0.4976
16	CalPred_marginal	5	0.4981
16	CalPred_marginal	6	0.4981
16	CalPred_marginal	7	0.4976
16	CalPred_marginal	8	0.4893
16	CalPred_marginal	9	0.505
16	CalPred_marginal	10	0.4995
16	CalPred_marginal	11	0.502
16	CalPred_marginal	12	0.5033
16	CalPred_marginal	13	0.5027
16	CalPred_marginal	14	0.5
16	CalPred_marginal	15	0.4998
16	CalPred_marginal	16	0.5045
16	CalPred_marginal	17	0.503
16	CalPred_marginal	18	0.4895
16	CalPred_marginal	19	0.4965
16	CalPred_marginal	20	0.5045
16	CalPred_marginal	21	0.4968
16	CalPred_marginal	22	0.5003
16	CalPred_marginal	23	0.4985
16	CalPred_marginal	24	0.51
16	CalPred_marginal	25	0.4997
16	CalPred_marginal	26	0.4967
16	CalPred_marginal	27	0.4962
16	CalPred_marginal	28	0.4916
16	CalPred_marginal	29	0.4977
16	CalPred_quant_q_0	0	0.474268415741675
16	CalPred_quant_q_0	1	0.4906832298136646
16	CalPred_quant_q_0	2	0.496031746031746
16	CalPred_quant_q_0	3	0.4828934506353861
16	CalPred_quant_q_0	4	0.4960707269155206
16	CalPred_quant_q_0	5	0.5046248715313464
16	CalPred_quant_q_0	6	0.4906403940886699
16	CalPred_quant_q_0	7	0.4969387755102041
16	CalPred_quant_q_0	8	0.5188323917137476
16	CalPred_quant_q_0	9	0.5061224489795918
16	CalPred_quant_q_0	10	0.5308775731310943
16	CalPred_quant_q_0	11	0.5060804490177736
16	CalPred_quant_q_0	12	0.4760479041916167
16	CalPred_quant_q_0	13	0.526
16	CalPred_quant_q_0	14	0.4854271356783919
16	CalPred_quant_q_0	15	0.5237173281703775
16	CalPred_quant_q_0	16	0.4945812807881773
16	CalPred_quant_q_0	17	0.5345345345345346
16	CalPred_quant_q_0	18	0.4645030425963489
16	CalPred_quant_q_0	19	0.4946550048590865
16	CalPred_quant_q_0	20	0.5004887585532747
16	CalPred_quant_q_0	21	0.5146198830409356
16	CalPred_quant_q_0	22	0.4848484848484848
16	CalPred_quant_q_0	23	0.5077239958805355
16	CalPred_quant_q_0	24	0.4732229795520934
16	CalPred_quant_q_0	25	0.4822834645669291
16	CalPred_quant_q_0	26	0.4955839057899902
16	CalPred_quant_q_0	27	0.4899193548387097
16	CalPred_quant_q_0	28	0.4797507788161994
16	CalPred_quant_q_0	29	0.4683937823834196
16	CalPred_quant_q_9	0	0.522343594836147
16	CalPred_quant_q_9	1	0.4812182741116751
16	CalPred_quant_q_9	2	0.4877300613496932
16	CalPred_quant_q_9	3	0.4797507788161994
16	CalPred_quant_q_9	4	0.4959016393442623
16	CalPred_quant_q_9	5	0.50199203187251
16	CalPred_quant_q_9	6	0.4740321057601511
16	CalPred_quant_q_9	7	0.4694092827004219
16	CalPred_quant_q_9	8	0.5005015045135406
16	CalPred_quant_q_9	9	0.5205913410770855
16	CalPred_quant_q_9	10	0.4960159362549801
16	CalPred_quant_q_9	11	0.4857433808553971
16	CalPred_quant_q_9	12	0.5433925049309665
16	CalPred_quant_q_9	13	0.4771371769383697
16	CalPred_quant_q_9	14	0.5319361277445109
16	CalPred_quant_q_9	15	0.5130784708249497
16	CalPred_quant_q_9	16	0.5025432349949135
16	CalPred_quant_q_9	17	0.5250767656090072
16	CalPred_quant_q_9	18	0.491609081934847
16	CalPred_quant_q_9	19	0.4906054279749478
16	CalPred_quant_q_9	20	0.5064039408866995
16	CalPred_quant_q_9	21	0.4975173783515392
16	CalPred_quant_q_9	22	0.5034550839091807
16	CalPred_quant_q_9	23	0.4831804281345566
16	CalPred_quant_q_9	24	0.5294715447154471
16	CalPred_quant_q_9	25	0.4899193548387097
16	CalPred_quant_q_9	26	0.4789029535864978
16	CalPred_quant_q_9	27	0.5171717171717172
16	CalPred_quant_q_9	28	0.4940119760479042
16	CalPred_quant_q_9	29	0.5010775862068966
18	PredInterval_marginal	0	0.5216
18	PredInterval_marginal	1	0.5351
18	PredInterval_marginal	2	0.5173
18	PredInterval_marginal	3	0.5244
18	PredInterval_marginal	4	0.5279
18	PredInterval_marginal	5	0.526
18	PredInterval_marginal	6	0.5228
18	PredInterval_marginal	7	0.5238
18	PredInterval_marginal	8	0.5469
18	PredInterval_marginal	9	0.5203
18	PredInterval_marginal	10	0.5271
18	PredInterval_marginal	11	0.5131
18	PredInterval_marginal	12	0.536
18	PredInterval_marginal	13	0.522
18	PredInterval_marginal	14	0.5369
18	PredInterval_marginal	15	0.5407
18	PredInterval_marginal	16	0.5255
18	PredInterval_marginal	17	0.5279
18	PredInterval_marginal	18	0.5296
18	PredInterval_marginal	19	0.5251
18	PredInterval_marginal	20	0.5241
18	PredInterval_marginal	21	0.5198
18	PredInterval_marginal	22	0.5392
18	PredInterval_marginal	23	0.5351
18	PredInterval_marginal	24	0.5196
18	PredInterval_marginal	25	0.5335
18	PredInterval_marginal	26	0.5243
18	PredInterval_marginal	27	0.5158
18	PredInterval_marginal	28	0.5342
18	PredInterval_marginal	29	0.5203
18	PredInterval_quant_q_0	0	0.5832492431886983
18	PredInterval_quant_q_0	1	0.6469979296066253
18	PredInterval_quant_q_0	2	0.5902777777777778
18	PredInterval_quant_q_0	3	0.64613880742913
18	PredInterval_quant_q_0	4	0.6473477406679764
18	PredInterval_quant_q_0	5	0.6104830421377184
18	PredInterval_quant_q_0	6	0.6295566502463055
18	PredInterval_quant_q_0	7	0.6255102040816326
18	PredInterval_quant_q_0	8	0.6666666666666666
18	PredInterval_quant_q_0	9	0.5826530612244898
18	PredInterval_quant_q_0	10	0.6370530877573131
18	PredInterval_quant_q_0	11	0.5135640785781104
18	PredInterval_quant_q_0	12	0.6377245508982036
18	PredInterval_quant_q_0	13	0.641
18	PredInterval_quant_q_0	14	0.6351758793969849
18	PredInterval_quant_q_0	15	0.6853823814133592
18	PredInterval_quant_q_0	16	0.6206896551724138
18	PredInterval_quant_q_0	17	0.6226226226226226
18	PredInterval_quant_q_0	18	0.603448275862069
18	PredInterval_quant_q_0	19	0.6316812439261419
18	PredInterval_quant_q_0	20	0.6392961876832844
18	PredInterval_quant_q_0	21	0.6461988304093568
18	PredInterval_quant_q_0	22	0.6656891495601173
18	PredInterval_quant_q_0	23	0.6539649845520082
18	PredInterval_quant_q_0	24	0.5949367088607594
18	PredInterval_quant_q_0	25	0.6141732283464567
18	PredInterval_quant_q_0	26	0.6653581943081452
18	PredInterval_quant_q_0	27	0.6018145161290323
18	PredInterval_quant_q_0	28	0.6479750778816199
18	PredInterval_quant_q_0	29	0.6362694300518135
18	PredInterval_quant_q_9	0	0.3862959285004965
18	PredInterval_quant_q_9	1	0.3563451776649746
18	PredInterval_quant_q_9	2	0.3762781186094069
18	PredInterval_quant_q_9	3	0.3426791277258567
18	PredInterval_quant_q_9	4	0.3780737704918033
18	PredInterval_quant_q_9	5	0.3874501992031872
18	PredInterval_quant_q_9	6	0.3399433427762039
18	PredInterval_quant_q_9	7	0.339662447257384
18	PredInterval_quant_q_9	8	0.3771313941825476
18	PredInterval_quant_q_9	9	0.3875395987328405
18	PredInterval_quant_q_9	10	0.3715139442231076
18	PredInterval_quant_q_9	11	0.455193482688391
18	PredInterval_quant_q_9	12	0.398422090729783
18	PredInterval_quant_q_9	13	0.3518886679920477
18	PredInterval_quant_q_9	14	0.3952095808383233
18	PredInterval_quant_q_9	15	0.3651911468812877
18	PredInterval_quant_q_9	16	0.3845371312309257
18	PredInterval_quant_q_9	17	0.3510747185261003
18	PredInterval_quant_q_9	18	0.3622902270483711
18	PredInterval_quant_q_9	19	0.3382045929018789
18	PredInterval_quant_q_9	20	0.3655172413793103
18	PredInterval_quant_q_9	21	0.35253227408143
18	PredInterval_quant_q_9	22	0.3553800592300098
18	PredInterval_quant_q_9	23	0.3741080530071355
18	PredInterval_quant_q_9	24	0.3871951219512195
18	PredInterval_quant_q_9	25	0.3528225806451613
18	PredInterval_quant_q_9	26	0.3597046413502109
18	PredInterval_quant_q_9	27	0.3767676767676767
18	PredInterval_quant_q_9	28	0.3562874251497006
18	PredInterval_quant_q_9	29	0.334051724137931
18	CalPred_marginal	0	0.4951
18	CalPred_marginal	1	0.4865
18	CalPred_marginal	2	0.4958
18	CalPred_marginal	3	0.5039
18	CalPred_marginal	4	0.4984
18	CalPred_marginal	5	0.4976
18	CalPred_marginal	6	0.5001
18	CalPred_marginal	7	0.498
18	CalPred_marginal	8	0.4904
18	CalPred_marginal	9	0.5069
18	CalPred_marginal	10	0.4981
18	CalPred_marginal	11	0.5016
18	CalPred_marginal	12	0.5029
18	CalPred_marginal	13	0.5031
18	CalPred_marginal	14	0.5004
18	CalPred_marginal	15	0.5006
18	CalPred_marginal	16	0.5027
18	CalPred_marginal	17	0.5039
18	CalPred_marginal	18	0.4893
18	CalPred_marginal	19	0.4951
18	CalPred_marginal	20	0.5045
18	CalPred_marginal	21	0.496
18	CalPred_marginal	22	0.4995
18	CalPred_marginal	23	0.4993
18	CalPred_marginal	24	0.5091
18	CalPred_marginal	25	0.4989
18	CalPred_marginal	26	0.4962
18	CalPred_marginal	27	0.4945
18	CalPred_marginal	28	0.491
18	CalPred_marginal	29	0.4991
18	CalPred_quant_q_0	0	0.4813319878910191
18	CalPred_quant_q_0	1	0.4979296066252588
18	CalPred_quant_q_0	2	0.498015873015873
18	CalPred_quant_q_0	3	0.4897360703812317
18	CalPred_quant_q_0	4	0.4931237721021611
18	CalPred_quant_q_0	5	0.4953751284686536
18	CalPred_quant_q_0	6	0.4975369458128079
18	CalPred_quant_q_0	7	0.4979591836734693
18	CalPred_quant_q_0	8	0.5235404896421846
18	CalPred_quant_q_0	9	0.5153061224489796
18	CalPred_quant_q_0	10	0.5222101841820151
18	CalPred_quant_q_0	11	0.5032740879326474
18	CalPred_quant_q_0	12	0.4750499001996008
18	CalPred_quant_q_0	13	0.52
18	CalPred_quant_q_0	14	0.4824120603015075
18	CalPred_quant_q_0	15	0.5256534365924492
18	CalPred_quant_q_0	16	0.4896551724137931
18	CalPred_quant_q_0	17	0.5305305305305306
18	CalPred_quant_q_0	18	0.4705882352941176
18	CalPred_quant_q_0	19	0.4859086491739553
18	CalPred_quant_q_0	20	0.5024437927663734
18	CalPred_quant_q_0	21	0.5155945419103314
18	CalPred_quant_q_0	22	0.4838709677419355
18	CalPred_quant_q_0	23	0.5077239958805355
18	CalPred_quant_q_0	24	0.4741966893865628
18	CalPred_quant_q_0	25	0.4822834645669291
18	CalPred_quant_q_0	26	0.5004906771344455
18	CalPred_quant_q_0	27	0.4919354838709677
18	CalPred_quant_q_0	28	0.4807892004153686
18	CalPred_quant_q_0	29	0.4746113989637305
18	CalPred_quant_q_9	0	0.5203574975173784
18	CalPred_quant_q_9	1	0.4852791878172589
18	CalPred_quant_q_9	2	0.4907975460122699
18	CalPred_quant_q_9	3	0.4818276220145379
18	CalPred_quant_q_9	4	0.4887295081967213
18	CalPred_quant_q_9	5	0.50199203187251
18	CalPred_quant_q_9	6	0.4645892351274787
18	CalPred_quant_q_9	7	0.4767932489451477
18	CalPred_quant_q_9	8	0.5045135406218656
18	CalPred_quant_q_9	9	0.5216473072861668
18	CalPred_quant_q_9	10	0.4950199203187251
18	CalPred_quant_q_9	11	0.4887983706720977
18	CalPred_quant_q_9	12	0.5374753451676528
18	CalPred_quant_q_9	13	0.4751491053677932
18	CalPred_quant_q_9	14	0.5359281437125748
18	CalPred_quant_q_9	15	0.5110663983903421
18	CalPred_quant_q_9	16	0.4984740590030518
18	CalPred_quant_q_9	17	0.5250767656090072
18	CalPred_quant_q_9	18	0.4846989141164857
18	CalPred_quant_q_9	19	0.4926931106471816
18	CalPred_quant_q_9	20	0.5113300492610837
18	CalPred_quant_q_9	21	0.4975173783515392
18	CalPred_quant_q_9	22	0.5054294175715696
18	CalPred_quant_q_9	23	0.491335372069317
18	CalPred_quant_q_9	24	0.524390243902439
18	CalPred_quant_q_9	25	0.4909274193548387
18	CalPred_quant_q_9	26	0.4715189873417721
18	CalPred_quant_q_9	27	0.5181818181818182
18	CalPred_quant_q_9	28	0.4920159680638722
18	CalPred_quant_q_9	29	0.5
20	PredInterval_marginal	0	0.5193
20	PredInterval_marginal	1	0.5274
20	PredInterval_marginal	2	0.5209
20	PredInterval_marginal	3	0.5176
20	PredInterval_marginal	4	0.5347
20	PredInterval_marginal	5	0.5151
20	PredInterval_marginal	6	0.531
20	PredInterval_marginal	7	0.5276
20	PredInterval_marginal	8	0.5298
20	PredInterval_marginal	9	0.523
20	PredInterval_marginal	10	0.5204
20	PredInterval_marginal	11	0.5089
20	PredInterval_marginal	12	0.5271
20	PredInterval_marginal	13	0.5205
20	PredInterval_marginal	14	0.5276
20	PredInterval_marginal	15	0.5379
20	PredInterval_marginal	16	0.5289
20	PredInterval_marginal	17	0.5281
20	PredInterval_marginal	18	0.5303
20	PredInterval_marginal	19	0.5226
20	PredInterval_marginal	20	0.5276
20	PredInterval_marginal	21	0.5208
20	PredInterval_marginal	22	0.5342
20	PredInterval_marginal	23	0.5317
20	PredInterval_marginal	24	0.517
20	PredInterval_marginal	25	0.5332
20	PredInterval_marginal	26	0.5241
20	PredInterval_marginal	27	0.5202
20	PredInterval_marginal	28	0.5335
20	PredInterval_marginal	29	0.5223
20	PredInterval_quant_q_0	0	0.6104944500504541
20	PredInterval_quant_q_0	1	0.6718426501035196
20	PredInterval_quant_q_0	2	0.6130952380952381
20	PredInterval_quant_q_0	3	0.6490713587487781
20	PredInterval_quant_q_0	4	0.7013752455795678
20	PredInterval_quant_q_0	5	0.6022610483042138
20	PredInterval_quant_q_0	6	0.6620689655172414
20	PredInterval_quant_q_0	7	0.6653061224489796
20	PredInterval_quant_q_0	8	0.6939736346516008
20	PredInterval_quant_q_0	9	0.6071428571428571
20	PredInterval_quant_q_0	10	0.6803900325027086
20	PredInterval_quant_q_0	11	0.509822263797942
20	PredInterval_quant_q_0	12	0.654690618762475
20	PredInterval_quant_q_0	13	0.648
20	PredInterval_quant_q_0	14	0.6492462311557788
20	PredInterval_quant_q_0	15	0.723136495643756
20	PredInterval_quant_q_0	16	0.6413793103448275
20	PredInterval_quant_q_0	17	0.6736736736736737
20	PredInterval_quant_q_0	18	0.6511156186612576
20	PredInterval_quant_q_0	19	0.6793002915451894
20	PredInterval_quant_q_0	20	0.6500488758553274
20	PredInterval_quant_q_0	21	0.6783625730994152
20	PredInterval_quant_q_0	22	0.6832844574780058
20	PredInterval_quant_q_0	23	0.6560247167868177
20	PredInterval_quant_q_0	24	0.6095423563777994
20	PredInterval_quant_q_0	25	0.6240157480314961
20	PredInterval_quant_q_0	26	0.676153091265947
20	PredInterval_quant_q_0	27	0.6199596774193549
20	PredInterval_quant_q_0	28	0.6812045690550363
20	PredInterval_quant_q_0	29	0.6673575129533679
20	PredInterval_quant_q_9	0	0.3485600794438927
20	PredInterval_quant_q_9	1	0.3015228426395939
20	PredInterval_quant_q_9	2	0.3548057259713701
20	PredInterval_quant_q_9	3	0.3063343717549325
20	PredInterval_quant_q_9	4	0.3319672131147541
20	PredInterval_quant_q_9	5	0.3316733067729083
20	PredInterval_quant_q_9	6	0.3087818696883853
20	PredInterval_quant_q_9	7	0.3185654008438818
20	PredInterval_quant_q_9	8	0.316950852557673
20	PredInterval_quant_q_9	9	0.3389651531151003
20	PredInterval_quant_q_9	10	0.3077689243027888
20	PredInterval_quant_q_9	11	0.4409368635437882
20	PredInterval_quant_q_9	12	0.3431952662721893
20	PredInterval_quant_q_9	13	0.320079522862823
20	PredInterval_quant_q_9	14	0.3463073852295409
20	PredInterval_quant_q_9	15	0.3169014084507042
20	PredInterval_quant_q_9	16	0.3509664292980671
20	PredInterval_quant_q_9	17	0.3254861821903787
20	PredInterval_quant_q_9	18	0.3089832181638697
20	PredInterval_quant_q_9	19	0.2860125260960334
20	PredInterval_quant_q_9	20	0.3517241379310344
20	PredInterval_quant_q_9	21	0.323733862959285
20	PredInterval_quant_q_9	22	0.3208292201382033
20	PredInterval_quant_q_9	23	0.3496432212028542
20	PredInterval_quant_q_9	24	0.358739837398374
20	PredInterval_quant_q_9	25	0.3366935483870967
20	PredInterval_quant_q_9	26	0.3037974683544304
20	PredInterval_quant_q_9	27	0.3484848484848485
20	PredInterval_quant_q_9	28	0.3223552894211577
20	PredInterval_quant_q_9	29	0.2898706896551724
20	CalPred_marginal	0	0.4978
20	CalPred_marginal	1	0.4881
20	CalPred_marginal	2	0.4941
20	CalPred_marginal	3	0.5058
20	CalPred_marginal	4	0.498
20	CalPred_marginal	5	0.498
20	CalPred_marginal	6	0.4965
20	CalPred_marginal	7	0.4963
20	CalPred_marginal	8	0.4914
20	CalPred_marginal	9	0.5068
20	CalPred_marginal	10	0.497
20	CalPred_marginal	11	0.5017
20	CalPred_marginal	12	0.5042
20	CalPred_marginal	13	0.5038
20	CalPred_marginal	14	0.5009
20	CalPred_marginal	15	0.499
20	CalPred_marginal	16	0.5031
20	CalPred_marginal	17	0.504
20	CalPred_marginal	18	0.4889
20	CalPred_marginal	19	0.4963
20	CalPred_marginal	20	0.5041
20	CalPred_marginal	21	0.4965
20	CalPred_marginal	22	0.5014
20	CalPred_marginal	23	0.4988
20	CalPred_marginal	24	0.5077
20	CalPred_marginal	25	0.4999
20	CalPred_marginal	26	0.4964
20	CalPred_marginal	27	0.4958
20	CalPred_marginal	28	0.4924
20	CalPred_marginal	29	0.4987
20	CalPred_quant_q_0	0	0.4833501513622603
20	CalPred_quant_q_0	1	0.4979296066252588
20	CalPred_quant_q_0	2	0.4910714285714285
20	CalPred_quant_q_0	3	0.4848484848484848
20	CalPred_quant_q_0	4	0.5029469548133595
20	CalPred_quant_q_0	5	0.4953751284686536
20	CalPred_quant_q_0	6	0.483743842364532
20	CalPred_quant_q_0	7	0.4989795918367347
20	CalPred_quant_q_0	8	0.5254237288135594
20	CalPred_quant_q_0	9	0.513265306122449
20	CalPred_quant_q_0	10	0.5211267605633803
20	CalPred_quant_q_0	11	0.5014031805425632
20	CalPred_quant_q_0	12	0.4850299401197604
20	CalPred_quant_q_0	13	0.51
20	CalPred_quant_q_0	14	0.4884422110552764
20	CalPred_quant_q_0	15	0.5227492739593417
20	CalPred_quant_q_0	16	0.4906403940886699
20	CalPred_quant_q_0	17	0.5365365365365365
20	CalPred_quant_q_0	18	0.4634888438133874
20	CalPred_quant_q_0	19	0.488824101068999
20	CalPred_quant_q_0	20	0.4956011730205278
20	CalPred_quant_q_0	21	0.5146198830409356
20	CalPred_quant_q_0	22	0.4936461388074291
20	CalPred_quant_q_0	23	0.5108135942327497
20	CalPred_quant_q_0	24	0.4654333008763388
20	CalPred_quant_q_0	25	0.4822834645669291
20	CalPred_quant_q_0	26	0.4877330716388616
20	CalPred_quant_q_0	27	0.4959677419354839
20	CalPred_quant_q_0	28	0.4849428868120456
20	CalPred_quant_q_0	29	0.4673575129533678
20	CalPred_quant_q_9	0	0.5163853028798411
20	CalPred_quant_q_9	1	0.4883248730964467
20	CalPred_quant_q_9	2	0.4938650306748466
20	CalPred_quant_q_9	3	0.4839044652128764
20	CalPred_quant_q_9	4	0.4907786885245901
20	CalPred_quant_q_9	5	0.5059760956175299
20	CalPred_quant_q_9	6	0.4683663833805477
20	CalPred_quant_q_9	7	0.4810126582278481
20	CalPred_quant_q_9	8	0.5025075225677031
20	CalPred_quant_q_9	9	0.5227032734952481
20	CalPred_quant_q_9	10	0.5
20	CalPred_quant_q_9	11	0.4867617107942973
20	CalPred_quant_q_9	12	0.534516765285996
20	CalPred_quant_q_9	13	0.4721669980119284
20	CalPred_quant_q_9	14	0.530938123752495
20	CalPred_quant_q_9	15	0.5080482897384306
20	CalPred_quant_q_9	16	0.5025432349949135
20	CalPred_quant_q_9	17	0.5209825997952917
20	CalPred_quant_q_9	18	0.491609081934847
20	CalPred_quant_q_9	19	0.5020876826722338
20	CalPred_quant_q_9	20	0.5103448275862069
20	CalPred_quant_q_9	21	0.4965243296921549
20	CalPred_quant_q_9	22	0.5034550839091807
20	CalPred_quant_q_9	23	0.4862385321100917
20	CalPred_quant_q_9	24	0.524390243902439
20	CalPred_quant_q_9	25	0.4959677419354839
20	CalPred_quant_q_9	26	0.4694092827004219
20	CalPred_quant_q_9	27	0.5181818181818182
20	CalPred_quant_q_9	28	0.4950099800399201
20	CalPred_quant_q_9	29	0.5043103448275862
